Name,Rating,Fifa Ability Overall,Position,Apps,Minutes played,Aerials Won per game,Man of the match,Tackles,Clearances per game,Passes per game,Pass success percentage,Unnamed: 32
Marcel Halstenberg,7.56,78,"D(L), M(L)",27.0,2414.0,2.6,3.0,2.4,1.9,40.9,74.3,
Joshua Kimmich,7.49,85,"D(CR), DMC",34.0,3060.0,0.7,4.0,1.4,1.0,74.1,90.5,
Willi Orban,7.41,79,D(C),23.0,2050.0,4.8,3.0,2.0,5.7,41.6,78.2,
Lukasz Piszczek,7.41,81,"D(CR), M(R)",20.0,1759.0,3.1,2.0,2.9,3.0,56.2,83.3,
Ignacio Camacho,7.34,67,"D(C), M(C)",6.0,540.0,5.5,1.0,2.5,2.0,50.0,78.3,
Daniel Caligiuri,7.28,79,"D(R), M(CLR), FW",31.0,2760.0,1.3,5.0,3.0,2.0,37.2,68.5,
Ibrahima Konaté,7.19,74,D(C),27.0,2431.0,3.6,0.0,1.6,4.3,37.0,76.0,
Mats Hummels,7.17,88,D(C),20.0,1776.0,4.0,0.0,1.2,2.3,82.6,89.4,
Louis Beyer,7.12,63,D(R),8.0,721.0,1.6,0.0,3.6,3.0,47.6,87.9,
Achraf Hakimi,7.11,78,D(LR),19.0,1740.0,0.8,0.0,1.6,1.8,63.4,86.1,
Sebastian Rode,7.1,76,"D(R), M(C)",12.0,931.0,1.4,0.0,2.6,1.1,43.1,83.4,
Benjamin Hübner,7.1,79,D(C),9.0,813.0,2.6,0.0,2.9,3.5,50.0,82.6,
Jordan Torunarigha,7.09,70,D(C),13.0,1161.0,2.7,1.0,2.4,3.9,33.9,79.4,
William,7.09,74,"D(LR), M(R)",30.0,2676.0,1.6,1.0,2.6,3.5,43.8,74.4,
Salif Sané,7.06,82,"D(C), DMC",29.0,2613.0,4.0,1.0,1.8,4.8,51.1,83.2,
Theodor Gebre Selassie,7.03,76,"D(LR), DMC, M(R)",32.0,2815.0,3.3,1.0,1.7,2.8,41.9,79.8,
Almamy Touré,7.03,76,D(CR),6.0,520.0,2.1,0.0,2.6,3.4,34.7,73.3,
Jérôme Roussillon,7.03,79,"D(L), M(L)",28.0,2466.0,0.9,3.0,1.5,1.5,36.6,77.3,
Raphael Guerreiro,7.02,81,"D(L), M(CL)",17.0,1532.0,0.3,1.0,1.1,0.4,46.1,85.5,
Marc Oliver Kempf,7.01,74,D(C),23.0,2026.0,5.0,3.0,1.4,5.7,44.0,81.2,
David Alaba,7.01,85,"D(CL), M(C)",29.0,2534.0,0.8,0.0,1.1,1.0,56.9,85.5,
Lukas Klostermann,7.01,75,"D(LR), M(R)",22.0,2003.0,1.6,2.0,1.9,2.4,30.6,74.0,
Bastian Oczipka,7,77,"D(CL), M(L)",21.0,1876.0,0.6,0.0,2.0,1.0,36.8,77.1,
Valentino Lazaro,7,73,"D(R), M(CLR)",31.0,2743.0,0.6,1.0,1.5,1.7,38.9,76.3,
Nordi Mukiele,6.99,77,"D(CR), M(R)",14.0,1227.0,2.1,0.0,2.0,1.8,30.5,72.8,
Lukas Kübler,6.98,70,"D(R), M(R)",15.0,1187.0,1.8,1.0,2.2,2.8,26.1,69.8,
Aarón Martín,6.98,77,D(L),32.0,2879.0,0.7,3.0,1.7,1.8,36.2,81.9,
Niklas Süle,6.96,84,D(C),29.0,2652.0,2.6,0.0,0.9,2.6,82.6,92.9,
Maximilian Mittelstädt,6.96,70,"D(L), M(L)",20.0,1802.0,1.7,1.0,2.4,2.1,29.6,73.2,
Lars Bender,6.95,83,"D(R), M(CR)",18.0,1367.0,1.9,2.0,2.2,1.2,41.3,82.9,
Jonathan Tah,6.95,83,D(C),33.0,2939.0,2.3,0.0,1.3,4.1,75.5,89.8,
Jonathan Schmid,6.93,74,"D(R), M(LR)",28.0,2520.0,1.0,2.0,1.6,2.1,35.8,81.1,
"Dan0,00Axel Zagadou",6.92,75,D(CL),15.0,1267.0,2.9,0.0,0.8,4.1,61.3,87.8,
Pavel Kaderábek,6.92,80,"D(R), M(R)",28.0,2509.0,1.8,1.0,1.0,2.1,37.9,76.3,
Niklas Stark,6.92,78,"D(C), DMC",22.0,1871.0,2.6,0.0,1.5,6.0,46.5,83.9,
Martin Hinteregger,6.91,77,D(C),14.0,1144.0,3.6,1.0,2.4,3.5,41.2,73.1,
Alexander Hack,6.91,74,D(C),11.0,1019.0,3.1,1.0,2.1,4.1,39.5,75.6,
Nico Elvedi,6.91,77,D(CLR),30.0,2626.0,2.7,2.0,1.4,4.3,68.9,92.7,
Marcel Tisserand,6.9,74,"D(CLR), M(R)",10.0,888.0,2.9,1.0,1.4,4.0,56.8,78.5,
Wendell,6.9,77,"D(CL), M(L)",25.0,2278.0,1.5,1.0,2.7,2.0,58.9,85.7,
Nico Schulz,6.9,80,"D(L), M(L)",29.0,2542.0,0.3,1.0,1.1,1.0,39.5,78.0,
Markus Suttner,6.89,73,"D(L), M(L)",6.0,491.0,1.2,0.0,1.7,1.5,33.0,77.3,
Rani Khedira,6.89,74,"D(C), DMC",30.0,2627.0,2.1,0.0,1.9,3.1,41.8,81.9,
Abdou Diallo,6.88,71,D(CL),27.0,2381.0,1.8,1.0,1.3,3.1,64.9,89.0,
Javi Martínez,6.88,83,"D(C), M(C)",16.0,1313.0,2.5,1.0,1.2,0.6,43.0,87.8,
Tony Jantschke,6.87,75,"D(CR), DMC",10.0,932.0,2.2,0.0,1.1,3.4,57.4,90.0,
Edgar Prib,6.87,72,"D(L), M(CL)",2.0,203.0,0.3,1.0,2.5,0.3,21.3,80.0,
Sven Bender,6.87,81,"D(C), M(C)",25.0,1995.0,2.9,0.0,1.5,3.5,61.8,90.8,
Jérôme Boateng,6.87,85,D(CR),19.0,1694.0,1.5,0.0,1.1,2.5,79.8,89.0,
Martin Hinteregger,6.87,77,D(C),18.0,1576.0,3.0,1.0,2.7,3.6,47.1,75.5,
Stefan Bell,6.87,76,D(CR),25.0,2250.0,3.7,1.0,1.2,4.8,48.0,79.8,
Makoto Hasebe,6.87,77,"D(CR), M(CR)",28.0,2520.0,1.1,0.0,1.9,3.5,52.0,85.0,
Dayot Upamecano,6.86,77,D(C),14.0,1292.0,3.1,0.0,1.5,2.9,49.9,82.5,
Robin Knoche,6.86,76,D(C),31.0,2790.0,2.6,1.0,0.8,4.3,65.7,85.9,
Philipp Bargfrede,6.85,76,"D(C), M(C)",13.0,1085.0,1.9,0.0,1.5,3.0,36.8,81.9,
Giulio Donati,6.85,73,"D(R), M(R)",6.0,627.0,0.8,0.0,1.0,2.3,27.3,76.4,
Enrico Valentini,6.85,71,"D(R), M(R)",15.0,1302.0,1.5,0.0,2.9,3.2,35.3,67.9,
Danny da Costa,6.85,77,"D(R), M(R)",34.0,3035.0,1.6,1.0,1.8,1.6,26.9,62.9,
Ewerton,6.85,74,D(C),15.0,1342.0,3.2,0.0,1.3,5.9,33.4,84.1,
Matthias Zimmermann,6.84,69,"D(R), DMC",34.0,3050.0,1.1,0.0,2.9,2.3,37.7,78.5,
Naldo,6.83,75,D(C),7.0,630.0,4.4,0.0,1.4,3.1,46.4,80.3,
Stefan Posch,6.82,69,D(C),16.0,1404.0,2.4,0.0,2.6,3.2,58.1,88.0,
Kaan Ayhan,6.81,75,"D(C), DMC",28.0,2451.0,1.6,2.0,1.9,4.1,50.8,88.1,
Manuel Akanji,6.79,81,D(C),25.0,2206.0,1.8,0.0,1.2,3.5,73.4,92.9,
Philipp Max,6.78,78,"D(L), M(L)",30.0,2575.0,0.8,1.0,1.2,1.4,27.6,71.8,
John Brooks,6.78,79,D(C),29.0,2610.0,2.7,1.0,1.0,4.6,60.1,85.9,
Timo Baumgartl,6.78,76,D(C),18.0,1620.0,2.5,1.0,1.8,5.2,46.7,81.9,
Marcelo Saracchi,6.77,75,D(L),7.0,652.0,1.7,0.0,1.9,1.4,39.3,71.5,
Ludwig Augustinsson,6.76,77,"D(L), M(L)",34.0,3028.0,1.9,0.0,1.6,2.1,45.3,79.9,
Mitchell Weiser,6.76,77,"D(R), M(R)",22.0,2111.0,0.7,2.0,2.1,1.3,42.9,82.1,
Ermin Bicakcic,6.76,76,D(C),20.0,1788.0,2.2,1.0,1.3,3.0,45.9,88.6,
David Abraham,6.75,79,D(C),17.0,1422.0,2.4,1.0,1.3,3.6,38.7,77.4,
Niko Gießelmann,6.75,73,"D(CL), M(L)",29.0,2593.0,1.8,0.0,1.9,2.2,35.9,74.4,
Evan Ndicka,6.74,71,D(C),24.0,2302.0,2.7,0.0,1.6,4.2,40.9,79.3,
Benjamin Pavard,6.73,80,D(CR),29.0,2606.0,2.8,0.0,1.0,6.4,49.8,84.6,
Corentin Tolisso,6.73,83,"D(R), M(C)",1.0,52.0,1.0,0.0,0.0,0.0,21.5,79.1,
Joshua Brenet,6.73,74,"D(LR), M(R)",10.0,905.0,0.6,0.0,1.4,1.3,28.4,82.6,
Matthias Ginter,6.73,80,"D(CR), DMC",27.0,2380.0,2.6,1.0,0.9,3.6,65.3,86.4,
Steven Zuber,6.72,76,"D(L), M(CLR)",6.0,574.0,0.7,0.0,1.3,0.4,29.8,79.1,
Konrad Laimer,6.72,75,"D(R), M(CR)",20.0,1878.0,0.7,1.0,2.5,0.7,25.2,70.1,
Jeffrey Gouweleeuw,6.72,79,D(C),24.0,2093.0,1.9,0.0,1.7,2.6,48.2,77.1,
Emiliano Insúa,6.72,76,"D(L), M(L)",24.0,2119.0,0.9,0.0,1.9,1.7,36.3,76.8,
Waldemar Anton,6.72,77,"D(C), DMC",34.0,3060.0,2.5,0.0,1.4,4.9,50.4,83.6,
Oscar Wendt,6.71,76,"D(L), M(L)",30.0,2730.0,0.8,1.0,1.4,2.0,47.3,82.0,
Julian Weigl,6.71,79,"D(C), DMC",16.0,1456.0,1.1,0.0,1.8,2.9,66.9,93.2,
"Jean0,00Philippe Gbamin",6.7,79,"D(CR), DMC",30.0,2674.0,1.7,0.0,1.6,0.9,43.0,80.4,
Aleksandar Dragovic,6.7,77,D(C),13.0,1333.0,1.6,0.0,1.0,3.4,60.5,89.8,
Dominique Heintz,6.69,77,D(CL),34.0,3054.0,1.8,0.0,1.2,6.3,48.5,82.1,
Tobias Strobl,6.69,77,"D(CR), DMC",26.0,2295.0,1.3,0.0,1.1,1.1,51.3,89.9,
Yannick Gerhardt,6.69,74,"D(L), M(CL)",28.0,2462.0,0.8,1.0,1.7,1.1,32.1,77.8,
Kevin Danso,6.68,70,D(C),13.0,1249.0,2.7,1.0,1.4,4.0,33.2,74.4,
Benjamin Stambouli,6.68,79,"D(C), M(C)",20.0,1763.0,0.9,0.0,2.4,2.9,46.3,76.7,
Nicolas Höfler,6.67,72,"D(C), DMC",18.0,1616.0,1.2,0.0,2.5,2.2,48.8,86.2,
Rafinha,6.67,82,"D(CLR), M(R)",9.0,897.0,0.4,0.0,0.9,0.6,49.5,93.3,
Moussa Niakhaté,6.66,73,D(C),32.0,2790.0,2.1,0.0,1.5,4.1,45.3,82.5,
Marcel Schmelzer,6.65,77,"D(CL), M(L)",7.0,566.0,1.0,0.0,1.0,1.2,37.8,84.9,
Fabian Lustenberger,6.65,76,"D(C), M(C)",24.0,2171.0,1.8,1.0,1.6,3.6,45.8,86.3,
Raphael Framberger,6.64,67,D(R),6.0,547.0,1.1,0.0,1.1,1.6,26.4,63.2,
Michael Lang,6.64,77,"D(R), M(R)",15.0,1262.0,1.2,0.0,0.8,2.2,38.5,83.6,
Georg Margreitter,6.63,74,D(C),22.0,2059.0,2.3,3.0,1.4,5.1,44.8,81.7,
Daniel Brosinski,6.63,76,"D(LR), M(LR)",26.0,2206.0,0.9,1.0,1.0,1.9,36.2,74.2,
"Gian0,00Luca Itter",6.63,67,"D(L), D(L)",1.0,93.0,1.0,0.0,2.0,1.0,21.5,88.4,
Karim Rekik,6.62,79,D(CL),24.0,2070.0,2.0,0.0,1.5,3.6,48.5,88.6,
Eduard Löwen,6.62,70,"D(C), M(C)",17.0,1622.0,0.9,1.0,1.4,0.8,31.7,75.3,
Sebastian Langkamp,6.62,76,D(C),15.0,1411.0,2.0,0.0,1.1,3.7,46.0,88.5,
Marco Russ,6.61,73,"D(C), DMC",3.0,378.0,3.2,0.0,1.4,1.6,22.0,71.8,
Konstantinos Stafylidis,6.61,75,"D(L), DMC, M(L)",11.0,922.0,0.6,0.0,1.8,2.2,36.8,80.3,
Robin Koch,6.61,72,"D(C), DMC",21.0,1899.0,2.7,0.0,1.0,3.1,36.8,82.4,
Niko Bungert,6.61,73,D(C),3.0,285.0,1.4,0.0,1.0,2.3,15.7,87.3,
Manuel Gulde,6.6,74,D(C),20.0,1714.0,1.6,1.0,1.1,4.2,41.6,82.1,
Simon Falette,6.6,74,D(C),7.0,601.0,2.9,0.0,1.3,4.6,41.4,73.8,
Kasim Adams,6.6,73,D(C),11.0,906.0,2.3,0.0,1.5,3.2,40.9,80.3,
Milos Veljkovic,6.6,76,"D(C), DMC",21.0,1878.0,2.2,1.0,1.6,4.6,53.7,84.7,
Felipe,6.6,75,D(C),14.0,1098.0,1.8,0.0,1.4,4.1,29.1,74.7,
Christian Günter,6.59,75,"D(L), M(L)",32.0,2880.0,0.3,0.0,1.2,1.2,30.2,76.6,
Pascal Stenzel,6.59,72,"D(R), M(R)",16.0,1453.0,1.1,1.0,2.0,2.1,35.0,81.9,
Carlos Salcedo,6.58,76,D(CR),6.0,461.0,2.2,0.0,1.2,3.3,44.2,80.0,
Keven Schlotterbeck,6.58,58,D(C),8.0,772.0,1.4,0.0,2.4,2.8,49.7,86.8,
Adam Bodzek,6.57,69,"D(C), DMC",20.0,1604.0,1.7,0.0,2.1,1.9,32.8,84.0,
Matija Nastasic,6.57,81,D(C),28.0,2451.0,2.2,0.0,1.3,4.0,44.2,82.2,
Borna Sosa,6.56,69,D(L),7.0,613.0,0.9,0.0,1.1,2.3,23.5,73.8,
Tim Leibold,6.55,73,"D(L), M(CL)",32.0,2768.0,1.1,0.0,1.9,1.6,38.8,78.0,
Gaëtan Bussmann,6.55,73,D(L),1.0,90.0,6.0,0.0,2.0,2.0,46.0,73.9,
Andre Hoffmann,6.55,72,"D(C), DMC",11.0,1047.0,1.7,0.0,1.7,3.2,37.9,87.4,
Ondrej Petrák,6.54,70,"D(C), DMC",18.0,1624.0,2.0,0.0,1.6,1.0,32.2,85.5,
Kevin Vogt,6.54,81,"D(CR), M(C)",28.0,2395.0,1.3,0.0,0.9,3.6,66.1,89.3,
Pablo Maffeo,6.53,78,"D(R), M(R)",8.0,602.0,1.0,0.0,1.8,1.0,26.5,76.4,
Pablo De Blasis,6.53,75,"D(R), M(CLR)",1.0,90.0,2.0,0.0,2.0,0.0,28.0,60.7,
Tin Jedvaj,6.52,76,D(CLR),13.0,1122.0,1.4,0.0,1.4,3.1,38.9,79.6,
Oliver Sorg,6.52,73,"D(CLR), DMC, M(R)",18.0,1583.0,0.5,0.0,2.2,2.3,38.3,75.5,
Dennis Aogo,6.52,75,"D(L), M(CL)",13.0,1028.0,0.7,0.0,1.0,1.3,34.5,87.0,
Lukas Mühl,6.51,69,D(C),31.0,2790.0,1.5,0.0,1.9,4.3,46.8,84.3,
Jean Zimmer,6.5,71,"D(R), M(R)",17.0,1439.0,0.3,1.0,0.9,1.3,25.5,71.0,
Philipp Mwene,6.49,71,"D(R), M(R)",2.0,271.0,0.7,0.0,1.2,1.5,16.2,72.2,
Andreas Beck,6.48,74,"D(LR), M(R)",21.0,1779.0,1.1,0.0,1.5,2.0,27.1,69.7,
Marius Wolf,6.48,77,"D(R), M(CLR)",10.0,831.0,0.6,0.0,0.9,0.8,35.1,84.5,
Marco Friedl,6.48,68,D(CL),5.0,473.0,1.1,0.0,1.1,2.7,34.1,85.4,
Steven Zuber,6.47,76,"D(L), M(CLR)",13.0,1059.0,0.8,0.0,0.5,0.5,28.6,76.3,
Nico Schlotterbeck,6.47,58,Defender,2.0,226.0,1.3,0.0,1.5,2.5,22.5,77.8,
Abdul Rahman Baba,6.45,74,"D(L), M(L)",2.0,163.0,1.0,0.0,1.5,1.0,36.0,77.8,
Stefan Ilsanker,6.44,75,"D(CR), DMC",10.0,928.0,1.9,0.0,1.4,2.3,24.1,78.6,
Lukas Klünter,6.44,69,"D(R), M(R)",7.0,595.0,0.8,0.0,1.1,1.7,18.2,75.8,
Marcin Kaminski,6.44,73,D(C),27.0,2430.0,1.8,0.0,0.7,3.8,43.1,84.0,
Kevin Akpoguma,6.44,75,D(C),5.0,498.0,0.8,0.0,2.9,2.1,32.9,84.4,
Philipp Lienhart,6.43,67,D(C),7.0,612.0,1.2,0.0,0.4,2.7,20.7,81.7,
Sebastian Rudy,6.42,80,"D(R), M(CR)",17.0,1360.0,0.3,0.0,2.1,0.6,30.6,80.5,
Sebastian Jung,6.41,72,D(R),1.0,57.0,0.0,0.0,1.0,1.0,46.0,87.0,
Hamza Mendyl,6.41,70,"D(L), M(L)",7.0,545.0,0.3,0.0,1.9,0.7,21.9,72.6,
Håvard Nordtveit,6.4,76,"D(CR), DMC",4.0,468.0,0.8,0.0,1.0,1.8,33.6,83.3,
Matthias Ostrzolek,6.4,75,"D(L), DMC, M(L)",16.0,1466.0,0.6,0.0,1.8,2.1,34.4,75.1,
Robert Bauer,6.39,72,"D(CLR), M(LR)",19.0,1724.0,0.6,0.0,2.2,3.0,27.3,76.7,
Kevin Wimmer,6.38,75,D(C),17.0,1679.0,1.3,0.0,1.1,2.7,47.0,80.8,
Miiko Albornoz,6.37,71,"D(L), M(L)",19.0,1660.0,0.5,0.0,2.1,1.4,32.4,75.3,
Robin Bormuth,6.36,69,D(C),6.0,615.0,1.4,0.0,0.7,4.9,27.2,80.1,
Justin Hoogma,6.35,69,D(C),1.0,110.0,1.0,0.0,2.0,0.5,51.0,88.2,
Julian Korb,6.35,75,"D(R), M(R)",11.0,1008.0,0.5,0.0,2.2,2.6,33.3,71.2,
Kevin Goden,6.34,62,Defender,3.0,273.0,1.4,0.0,0.8,1.8,16.0,60.0,
Felix Uduokhai,6.32,76,D(C),2.0,238.0,0.7,0.0,1.2,0.7,10.9,84.2,
Fabian Johnson,6.32,77,"D(LR), M(CLR)",11.0,1010.0,0.6,0.0,0.7,0.7,27.9,80.1,
Jetro Willems,6.31,76,"D(L), DMC, M(L)",7.0,720.0,0.4,0.0,0.9,0.4,11.3,71.0,
Derrick Luckassen,6.31,73,"D(CR), DMC",2.0,248.0,1.3,0.0,1.0,3.3,46.3,89.7,
Georg Teigl,6.29,68,"D(R), M(R)",2.0,292.0,0.2,0.0,0.8,0.7,10.5,57.1,
Chima Okoroji,6.29,58,D(L),1.0,104.0,0.5,0.0,1.5,0.5,10.0,65.0,
Jeffrey Bruma,6.26,75,D(C),7.0,623.0,2.2,0.0,1.3,3.8,35.2,79.8,
Peter Pekarík,6.26,75,D(LR),2.0,216.0,1.3,0.0,0.7,1.7,35.3,74.5,
Taleb Tawatha,6.25,70,"D(L), M(L)",1.0,125.0,0.7,0.0,0.3,0.3,12.3,70.3,
Paul Verhaegh,6.23,74,"D(R), M(R)",2.0,180.0,0.5,0.0,0.5,3.0,46.0,81.5,
Kevin Akpoguma,6.2,75,D(C),4.0,314.0,1.5,0.0,2.5,1.8,42.3,78.7,
Josip Elez,6.19,73,D(C),7.0,647.0,1.0,0.0,0.8,2.7,30.6,78.1,
Reece Oxford,6.16,67,D(C),6.0,505.0,2.0,0.0,1.5,4.5,37.3,81.2,
Antonis Aidonis,6.05,62,Defender,1.0,81.0,1.0,0.0,1.5,1.0,10.5,38.1,
Simon Asta,6.01,60,Defender,1.0,90.0,2.0,0.0,6.0,0.0,31.0,48.4,
Christoph Janker,5.93,70,D(C),1.0,71.0,0.3,0.0,0.5,0.3,7.0,85.7,
Benjamin Henrichs,5.49,76,"D(LR), M(R)",1.0,64.0,0.0,0.0,0.0,0.0,33.0,81.8,
Carlos Isaac,7.35,63,Defender,1.0,90.0,1.0,0.0,0.0,0.0,41.0,85.4,
Guillermo Maripán,7.2,75,D(C),22.0,2009.0,4.2,2.0,2.0,5.7,30.8,75.3,
Gerard Piqué,7.18,87,D(C),35.0,3150.0,3.4,0.0,1.2,4.2,68.3,91.4,
Saúl Ñíguez,7.17,85,"D(CL), M(CLR)",32.0,2925.0,2.9,4.0,2.5,2.2,44.9,78.8,
Pablo Sarabia,7.16,82,"D(L), M(CLR)",30.0,2730.0,0.3,5.0,0.9,0.5,36.6,79.6,
José Giménez,7.13,84,D(CR),19.0,1772.0,2.7,0.0,1.2,6.0,34.2,80.5,
Cote,7.06,77,D(L),34.0,3035.0,1.4,1.0,1.9,2.8,42.5,68.1,
Emiliano Velázquez,7.05,74,D(C),14.0,1275.0,2.3,0.0,2.7,5.7,28.1,69.5,
Zouhair Feddal,7.04,80,D(C),19.0,1702.0,3.4,2.0,1.8,4.3,60.6,86.2,
Rubén Peña,7.04,77,"D(R), M(L)",30.0,2674.0,0.7,1.0,2.0,1.3,43.5,71.5,
Daniel Carvajal,7.04,84,D(R),23.0,2106.0,0.8,1.0,1.7,1.1,64.6,87.4,
Roberto Rosales,7.02,74,"D(R), M(R)",20.0,1751.0,2.4,1.0,2.3,2.9,43.5,77.3,
Lucas Hernández,7.02,82,D(CL),13.0,1119.0,1.6,1.0,2.5,3.4,36.4,81.3,
Jordi Alba,7.01,87,D(L),32.0,2988.0,0.5,1.0,1.2,1.6,65.6,85.6,
Leandro Cabrera,7.01,72,D(CL),31.0,2794.0,5.0,2.0,1.5,6.7,30.0,50.6,
Sergio Reguilón,7,68,D(L),13.0,1122.0,1.1,0.0,1.8,2.5,47.6,85.9,
Diego Godín,6.98,90,D(C),28.0,2508.0,3.0,1.0,1.7,4.5,34.9,80.5,
José Gayá,6.98,80,D(L),35.0,3138.0,1.0,2.0,2.4,2.7,41.5,81.9,
Yeray Álvarez,6.98,77,D(C),30.0,2614.0,3.4,2.0,1.8,4.8,42.8,80.1,
Marc Bartra,6.97,82,D(CR),33.0,2930.0,2.3,1.0,2.6,3.9,68.7,87.8,
"Jean0,00Clair Todibo",6.97,64,"D(C), D(C)",2.0,158.0,1.0,1.0,3.5,3.5,59.0,92.4,
Filipe Luís,6.96,85,D(L),24.0,2038.0,0.7,0.0,2.4,1.4,47.7,83.1,
Unai Núñez,6.96,75,D(C),11.0,1063.0,3.6,1.0,1.3,4.8,44.7,87.3,
Mario Hermoso,6.95,76,D(C),31.0,2806.0,2.3,3.0,1.2,5.2,50.3,83.9,
Rúben Vezo,6.94,77,D(CR),15.0,1340.0,1.8,0.0,1.7,5.7,33.1,78.0,
Dimitrios Siovas,6.94,72,D(C),34.0,2965.0,3.1,1.0,1.7,4.4,39.7,72.3,
Thomas Partey,6.93,82,"D(R), M(CR)",22.0,2067.0,1.3,5.0,2.1,0.6,41.5,83.8,
Aritz Elustondo,6.93,76,D(CR),24.0,2253.0,2.4,1.0,1.7,5.1,41.0,78.9,
Jesús Navas,6.93,80,"D(R), M(R)",31.0,2714.0,0.5,0.0,0.9,1.6,44.3,77.0,
Martín Mantovani,6.93,75,D(C),6.0,699.0,3.8,1.0,1.7,5.2,25.1,79.6,
Gabriel Paulista,6.93,82,D(CR),30.0,2625.0,2.1,1.0,1.0,5.2,43.3,86.7,
Júnior Firpo,6.93,76,"D(L), M(L)",22.0,1937.0,1.5,1.0,1.6,1.5,38.9,82.9,
Ezequiel Garay,6.92,82,D(C),24.0,2137.0,3.0,0.0,0.8,5.7,44.6,83.6,
Sergio Ramos,6.91,91,D(CR),28.0,2476.0,2.2,2.0,1.5,3.0,68.5,92.1,
Sergi Roberto,6.91,83,"D(R), M(CR)",23.0,2089.0,1.0,1.0,1.0,0.9,55.9,90.5,
Santiago Arias,6.91,78,D(R),20.0,1771.0,1.7,1.0,1.9,1.4,31.6,81.9,
Jeison Murillo,6.9,80,D(C),1.0,90.0,3.0,0.0,2.0,6.0,17.0,94.1,
Jorge Miramón,6.9,72,"D(R), M(R)",30.0,2496.0,1.0,1.0,2.4,1.8,32.8,75.1,
Naldo,6.9,75,D(C),16.0,1366.0,2.4,0.0,1.1,6.9,37.5,81.3,
Vitorino Antunes,6.89,80,D(L),25.0,2182.0,0.8,0.0,1.5,2.1,28.2,58.2,
Jonathan Silva,6.89,74,"D(L), M(L)",30.0,2700.0,0.6,0.0,1.7,2.3,29.6,71.7,
Damián Suárez,6.89,77,D(R),36.0,3240.0,0.9,0.0,2.7,1.4,36.8,65.0,
Ximo Navarro,6.88,75,D(CR),28.0,2533.0,1.6,1.0,1.8,4.2,26.5,79.1,
Clément Lenglet,6.88,82,D(C),22.0,1935.0,1.9,1.0,2.0,3.0,49.8,89.4,
Daniel Carriço,6.88,78,"D(C), DMC",24.0,2132.0,2.5,1.0,1.5,4.3,41.7,79.7,
Pedro Alcalá,6.88,75,D(C),20.0,1869.0,3.5,1.0,1.3,4.8,34.5,79.4,
Okay Yokuslu,6.87,77,"D(C), DMC",26.0,2205.0,2.6,1.0,2.0,1.7,46.2,86.1,
Simon Kjaer,6.87,81,D(C),25.0,2016.0,3.0,0.0,1.1,5.2,34.9,85.7,
Nacho,6.87,74,D(LR),35.0,3150.0,0.9,2.0,3.1,2.3,39.4,71.0,
Yuri,6.87,77,"D(L), M(L)",35.0,3121.0,2.2,1.0,1.3,2.0,39.1,81.9,
Hugo Mallo,6.86,80,"D(CR), M(R)",35.0,3094.0,1.7,0.0,2.1,3.3,42.6,74.6,
José Luis Morales,6.86,81,"D(R), M(CLR), FW",35.0,3197.0,0.4,2.0,0.6,0.3,18.8,71.1,
Íñigo Martínez,6.85,75,D(C),33.0,2903.0,2.9,0.0,1.6,4.3,43.6,78.0,
Kévin Rodrigues,6.85,74,D(L),5.0,483.0,0.9,0.0,3.0,2.0,25.9,74.6,
Marc Muniesa,6.83,74,D(CL),15.0,1403.0,1.6,1.0,2.6,2.1,40.3,80.7,
Cristiano Piccini,6.83,77,D(R),21.0,1868.0,1.1,1.0,1.4,2.5,33.5,78.5,
Theo Hernández,6.83,77,D(L),22.0,1977.0,0.9,3.0,2.3,1.5,37.9,82.8,
Javi López,6.83,75,"D(R), DMC",21.0,1949.0,1.5,1.0,2.7,3.3,37.0,78.1,
Djené Dakonam,6.81,78,D(C),34.0,2981.0,2.6,3.0,1.6,4.4,28.6,71.9,
Marcelo,6.81,80,D(L),21.0,1841.0,0.3,1.0,1.5,0.6,57.6,83.5,
Joseba Zaldua,6.8,75,D(R),25.0,2142.0,1.8,0.0,1.4,2.5,34.6,77.4,
Ramiro Funes Mori,6.8,77,"D(C), DMC",29.0,2628.0,2.3,0.0,1.3,4.7,39.1,81.0,
Dídac Vilá,6.79,74,D(L),27.0,2358.0,1.8,0.0,2.4,3.0,41.1,73.2,
David Juncà,6.79,76,D(L),21.0,1758.0,1.2,1.0,2.6,2.1,39.5,83.5,
Abdoulaye Ba,6.78,73,D(C),25.0,2113.0,2.7,1.0,1.8,6.0,40.3,82.4,
Kenneth Omeruo,6.78,72,D(C),27.0,2434.0,1.9,1.0,1.8,5.6,34.4,80.3,
Raphael Varane,6.78,86,D(C),31.0,2757.0,2.9,0.0,1.0,4.3,53.3,89.0,
Rubén Duarte,6.77,76,D(L),33.0,2777.0,1.6,0.0,2.2,3.3,27.9,67.2,
Bernardo Espinosa,6.77,77,D(C),31.0,2729.0,4.2,1.0,0.6,6.3,44.9,86.0,
Víctor Laguardia,6.76,77,D(C),36.0,3240.0,2.2,0.0,1.3,6.2,35.2,70.5,
Raúl García,6.76,80,D(CL),10.0,854.0,1.5,0.0,2.1,2.9,33.6,73.2,
Juanpe,6.76,77,D(C),31.0,2769.0,3.3,2.0,1.5,4.0,46.9,81.5,
Jorge Pulido,6.75,71,D(C),32.0,2790.0,2.3,0.0,2.0,4.7,28.8,75.4,
Diego Llorente,6.74,77,"D(C), DMC",20.0,1755.0,2.8,1.0,1.2,3.8,52.3,84.8,
Álvaro Odriozola,6.74,80,D(R),14.0,1180.0,0.1,0.0,2.0,0.9,42.4,90.6,
Unai Bustinza,6.74,75,D(CR),24.0,2029.0,2.3,1.0,1.6,4.2,34.6,71.4,
Daniel Wass,6.74,81,"D(LR), M(CLR)",26.0,2356.0,1.3,0.0,1.1,1.3,35.9,78.0,
Álex Moreno,6.73,74,"D(L), M(L)",36.0,3140.0,0.8,1.0,1.8,2.2,30.6,76.3,
Néstor Araújo,6.73,75,D(C),30.0,2682.0,2.2,1.0,1.3,4.6,46.6,86.0,
Rodrigo Ely,6.73,76,D(C),5.0,431.0,5.2,0.0,1.6,5.4,32.0,71.3,
Fernando Calero,6.73,73,D(C),35.0,3130.0,1.9,1.0,1.4,4.6,40.3,83.6,
Alejandro Gálvez,6.73,75,"D(C), M(C)",17.0,1418.0,2.1,0.0,2.2,4.1,40.5,81.1,
Raúl Navas,6.72,76,D(C),15.0,1311.0,1.8,0.0,1.4,3.8,54.0,86.6,
Alfonso Pedraza,6.72,75,"D(L), M(L)",22.0,2089.0,0.8,2.0,1.7,1.3,20.9,75.8,
Gabriel Mercado,6.72,79,D(CR),19.0,1738.0,2.0,0.0,1.5,3.0,32.3,82.0,
David López,6.72,79,"D(C), DMC",21.0,1820.0,2.5,1.0,1.3,3.1,57.5,88.3,
Iván Ramis,6.72,77,D(C),20.0,1682.0,3.0,0.0,1.1,3.0,38.5,79.4,
Mario Gaspar,6.71,80,"D(CR), M(R)",30.0,2602.0,1.7,0.0,2.0,2.7,34.0,77.2,
Kiko Olivas,6.71,72,D(C),35.0,3102.0,1.9,0.0,1.5,4.7,38.5,88.1,
Sidnei,6.71,79,D(C),20.0,1743.0,1.4,2.0,2.0,2.1,51.8,89.5,
Joris Gnagnon,6.71,76,D(C),4.0,445.0,2.7,0.0,1.6,2.1,36.9,90.3,
Sergi Gómez,6.7,78,D(CR),31.0,2766.0,2.6,0.0,1.5,4.0,45.5,84.6,
Anaitz Arbilla,6.7,78,D(CLR),22.0,1950.0,2.4,0.0,1.2,3.6,44.6,75.3,
Paulo Oliveira,6.7,76,D(C),24.0,2243.0,2.8,0.0,1.8,4.1,36.1,68.7,
Juanfran,6.69,80,D(R),18.0,1609.0,0.6,1.0,1.6,1.4,35.0,82.2,
Xabier Etxeita,6.69,73,D(C),30.0,2678.0,2.6,1.0,1.5,5.2,28.5,75.2,
Nélson Semedo,6.68,81,D(R),20.0,1602.0,0.7,0.0,1.5,0.7,41.4,91.2,
Pablo Ínsua,6.68,76,D(C),10.0,779.0,2.5,0.0,2.3,3.9,24.6,78.0,
Carlos Akapo,6.68,70,D(L),12.0,1012.0,1.6,0.0,2.2,2.5,26.8,76.1,
Luis Advíncula,6.67,74,"D(R), M(R)",27.0,2391.0,0.9,1.0,1.9,2.0,33.5,82.2,
Aissa Mandi,6.67,79,D(CLR),34.0,3061.0,1.6,2.0,1.5,1.9,73.6,92.6,
Víctor Ruiz,6.67,82,D(C),22.0,1976.0,2.2,0.0,1.3,2.8,54.4,86.0,
Andrés Solano,6.67,62,Defender,1.0,46.0,1.0,0.0,4.0,1.0,26.0,76.9,
Rodrigo Tarín,6.67,83,D(C),15.0,1429.0,1.3,0.0,1.2,4.1,26.0,76.9,
Jaume Costa,6.66,79,"D(L), M(L)",18.0,1498.0,1.2,1.0,1.6,2.1,37.0,82.4,
Miguelón,6.66,66,D(R),5.0,543.0,0.6,0.0,2.6,1.6,20.4,79.1,
Mathías Olivera,6.66,70,"D(L), M(L)",12.0,1011.0,3.1,0.0,1.7,1.3,22.5,58.7,
Álvaro González,6.66,78,D(C),34.0,2967.0,2.5,2.0,1.4,5.1,44.0,79.9,
Sergio Escudero,6.65,79,"D(L), M(L)",18.0,1553.0,1.0,1.0,2.0,1.8,35.4,81.0,
Moussa Wague,6.65,73,D(R),2.0,225.0,0.7,0.0,2.0,0.7,42.3,87.4,
Bruno González,6.65,77,D(C),18.0,1697.0,2.3,1.0,1.0,4.8,21.7,70.8,
Allan Nyom,6.65,74,"D(LR), M(R)",20.0,1712.0,1.0,1.0,1.4,1.1,21.3,75.6,
Mouctar Diakhaby,6.65,77,D(C),16.0,1574.0,1.6,0.0,0.6,4.3,31.6,85.1,
Nacho,6.64,74,D(CLR),19.0,1701.0,1.5,0.0,1.3,3.0,49.4,90.1,
Chema Rodríguez,6.64,75,D(C),13.0,1254.0,1.7,0.0,1.4,4.3,19.5,73.9,
Robert Mazán,6.64,61,Defender,1.0,90.0,2.0,0.0,3.0,0.0,44.0,86.4,
Facundo Roncaglia,6.64,75,D(CLR),7.0,603.0,2.3,0.0,1.9,3.0,39.9,80.3,
Juanfran,6.64,80,"D(R), M(R)",17.0,1459.0,0.9,0.0,0.9,1.1,19.8,72.8,
Adrià Pedrosa,6.63,61,D(L),8.0,760.0,0.3,1.0,1.2,1.8,19.0,81.6,
Stefan Savic,6.63,83,D(C),17.0,1401.0,1.9,0.0,0.6,3.6,30.2,81.6,
Francis,6.63,75,"D(R), M(LR)",22.0,1790.0,0.4,0.0,2.3,1.5,35.6,81.5,
Coke,6.63,69,"D(CLR), M(R)",19.0,1815.0,0.9,1.0,1.6,1.9,27.6,74.8,
Pedro Porro,6.63,69,"D(R), M(R)",25.0,2214.0,0.6,0.0,1.6,1.2,27.0,70.5,
Samuel Umtiti,6.6,87,D(CL),13.0,1190.0,0.9,0.0,0.6,1.9,63.4,94.5,
Ander Capa,6.6,78,"D(R), M(R)",17.0,1637.0,1.2,0.0,1.7,1.5,27.4,73.7,
Joaquín Fernández,6.6,63,D(C),9.0,836.0,2.9,1.0,1.2,3.5,23.7,78.2,
Wesley Hoedt,6.6,76,D(C),9.0,893.0,3.2,0.0,1.7,5.7,48.9,84.7,
Maxime Gonalons,6.6,75,"D(C), M(C)",5.0,537.0,1.9,0.0,0.8,1.0,33.3,82.6,
Dimitri Foulquier,6.59,71,"D(LR), M(R)",23.0,1809.0,1.0,1.0,1.2,1.2,15.9,62.8,
Adrián Diéguez,6.59,69,D(C),8.0,749.0,2.0,0.0,1.8,4.7,22.7,73.0,
Miguel Layún,6.59,77,"D(LR), M(CLR)",5.0,506.0,0.1,0.0,1.0,1.1,25.0,79.5,
Facundo Roncaglia,6.59,75,D(CLR),12.0,1071.0,1.6,0.0,2.8,3.5,43.9,84.1,
Robin Le Normand,6.58,67,D(C),3.0,283.0,2.0,0.0,1.3,3.0,55.0,88.2,
Gustavo Cabral,6.58,76,D(C),21.0,1898.0,3.0,0.0,1.5,4.3,37.8,87.1,
Óscar De Marcos,6.57,79,"D(LR), M(CR)",28.0,2427.0,1.3,1.0,2.0,1.6,34.3,77.1,
David Costas,6.57,70,D(C),13.0,1173.0,2.0,1.0,1.7,3.6,45.5,88.1,
Rúben Vezo,6.57,77,D(CR),2.0,194.0,1.8,0.0,0.5,2.0,21.8,75.9,
Sergio Álvarez,6.57,75,"D(C), M(C)",12.0,1065.0,1.9,0.0,1.8,2.2,26.2,79.3,
Gorka Elustondo,6.56,72,"D(C), M(C)",3.0,286.0,2.2,0.0,1.4,2.0,28.4,81.0,
Raúl García,6.56,80,D(CL),4.0,380.0,1.6,0.0,1.6,5.2,17.6,64.8,
Martín Aguirregabiria,6.56,75,D(R),23.0,2034.0,0.7,0.0,1.7,2.3,26.7,68.9,
Andrés Guardado,6.55,82,"D(L), M(CL)",27.0,2340.0,0.5,0.0,0.8,0.8,51.4,88.9,
Aleix Vidal,6.54,77,"D(R), M(LR)",5.0,526.0,0.7,0.0,1.2,0.8,22.8,76.1,
Ibrahim Amadou,6.53,75,"D(C), DMC",7.0,758.0,1.5,1.0,1.6,1.4,20.7,85.8,
Carles Planas,6.53,76,"D(L), M(L)",4.0,418.0,0.9,0.0,1.7,1.7,26.3,71.2,
Rúben Semedo,6.52,74,D(C),9.0,848.0,3.1,0.0,1.8,3.0,32.7,86.7,
Javi Moyano,6.52,71,D(R),25.0,2108.0,1.0,1.0,0.9,2.7,26.4,74.1,
Guilherme Arana,6.52,74,"D(L), M(L)",8.0,633.0,0.3,0.0,1.2,0.8,24.4,84.5,
Íñigo Lekue,6.51,75,"D(LR), M(LR)",2.0,210.0,1.3,0.0,1.3,2.5,21.3,82.4,
Javi Sánchez,6.5,67,Defender,0.0,45.0,3.0,0.0,1.0,4.0,8.0,87.5,
Óscar Duarte,6.5,68,"D(C), DMC",7.0,657.0,2.1,0.0,1.1,3.1,30.3,87.1,
Jordi Amat,6.5,76,"D(C), DMC",31.0,2764.0,1.6,0.0,1.7,3.8,41.4,82.4,
Júnior Alonso,6.49,75,D(CL),6.0,535.0,2.1,0.0,1.4,2.2,30.0,75.9,
Ignasi Miquel,6.47,73,D(C),4.0,317.0,1.0,0.0,0.1,3.4,13.0,54.9,
Jesús Vallejo,6.46,78,D(C),4.0,311.0,0.6,0.0,1.2,2.4,31.2,87.8,
Víctor Sánchez,6.46,77,"D(LR), M(CL)",13.0,1258.0,1.0,0.0,1.9,1.0,22.2,81.4,
Jeison Murillo,6.46,80,D(C),1.0,112.0,2.0,0.0,1.0,2.5,62.5,92.8,
Luisinho,6.46,74,"D(L), M(L)",6.0,509.0,0.0,0.0,2.0,2.1,27.9,86.7,
Xavi Quintillá,6.45,62,D(L),7.0,628.0,0.4,0.0,1.4,1.9,39.9,78.5,
Pablo De Blasis,6.45,75,"D(R), M(CLR)",16.0,1517.0,1.1,1.0,1.3,0.8,26.7,70.4,
Antonio Luna,6.45,74,"D(L), M(L)",14.0,1259.0,0.8,0.0,0.9,2.3,29.8,73.0,
Pedro López,6.45,71,"D(R), M(R)",5.0,464.0,0.6,0.0,0.6,0.7,19.4,85.1,
Sergio Postigo,6.44,75,D(C),17.0,1451.0,1.0,0.0,1.2,3.7,23.5,77.7,
Andoni Gorosabel,6.44,68,D(R),6.0,456.0,1.0,0.0,2.3,2.3,30.0,79.0,
Adrián Marín,6.44,72,D(L),2.0,287.0,0.8,0.0,2.2,1.7,13.7,70.7,
Moisés Delgado,6.44,64,Defender,3.0,270.0,1.0,0.0,2.3,3.0,24.7,67.6,
Mikel San José,6.44,77,"D(C), DMC",16.0,1717.0,2.0,0.0,1.3,1.0,21.4,75.5,
Emerson,6.41,75,D(R),4.0,318.0,0.5,0.0,1.5,1.5,24.3,81.5,
Sergio Akieme,6.41,67,Defender,2.0,180.0,0.5,0.0,1.5,2.5,32.5,84.6,
Antoñito,6.41,71,"D(R), M(R)",18.0,1855.0,0.5,0.0,1.2,0.7,21.7,76.9,
Thomas Vermaelen,6.4,77,D(CL),7.0,587.0,1.4,0.0,0.7,2.2,40.4,94.0,
Jonás Ramalho,6.38,74,D(CR),18.0,1620.0,1.2,0.0,0.6,3.3,32.5,84.1,
Javi García,6.38,78,"D(C), DMC",6.0,520.0,1.2,0.0,0.2,2.1,34.2,93.7,
Daniele Bonera,6.38,75,D(CR),4.0,233.0,0.2,0.0,0.4,2.0,18.6,90.3,
Tito,6.36,72,D(CLR),12.0,1099.0,1.4,0.0,0.9,2.5,32.7,76.4,
Erick Cabaco,6.34,77,D(C),20.0,1639.0,1.9,0.0,1.0,3.1,33.1,72.9,
Chechu Dorado,6.33,71,D(C),1.0,90.0,3.0,0.0,0.0,5.0,52.0,90.4,
Carlos Vigaray,6.33,72,D(CLR),7.0,647.0,1.6,0.0,1.9,2.5,19.3,72.1,
Pedro Bigas,6.32,74,D(CL),7.0,585.0,1.5,0.0,0.4,2.2,29.6,82.4,
Lluís López,6.31,77,D(C),5.0,520.0,2.3,0.0,0.8,3.2,40.7,80.7,
Antonio Barragán,6.29,76,"D(R), M(R)",12.0,937.0,0.8,0.0,1.0,1.7,37.4,86.0,
Mikel Balenziaga,6.28,75,D(L),6.0,520.0,0.5,0.0,0.9,1.5,16.1,74.0,
Kevin Vázquez,6.27,68,D(R),2.0,218.0,0.0,0.0,1.5,2.0,23.0,77.2,
Toni Lato,6.26,74,D(L),3.0,270.0,0.0,0.0,1.5,2.5,35.3,79.4,
Francisco Montero,6.19,64,D(C),4.0,401.0,0.1,0.0,0.9,1.8,17.8,75.0,
Ezequiel Muñoz,6.14,71,D(C),2.0,211.0,1.3,0.0,1.0,3.3,38.3,81.7,
Rajko Brezancic,6.08,69,D(L),0.0,66.0,1.0,0.0,1.0,0.0,15.0,66.7,
Cristian Ganea,6,70,Defender,1.0,50.0,0.0,0.0,0.0,2.0,9.0,100.0,
Youcef Atal,7.48,73,"D(R), M(R)",25.0,2261.0,1.6,8.0,2.3,1.3,34.9,83.6,
Thiago Mendes,7.27,76,"D(R), M(CR)",35.0,3082.0,0.7,3.0,2.4,1.2,56.7,84.8,
Marcelo,7.25,80,D(C),33.0,2880.0,5.2,0.0,1.5,4.5,72.2,87.8,
Marquinhos,7.24,84,"D(CR), DMC",30.0,2695.0,2.3,0.0,2.2,2.7,75.3,91.9,
"Ronaël Pierre0,00Gabriel",7.19,72,"D(LR), D(LR)",4.0,356.0,1.5,1.0,3.3,3.3,39.0,86.5,
Benjamin André,7.18,77,"D(R), M(CLR)",28.0,2502.0,4.9,1.0,3.4,1.6,49.4,79.2,
Gabriel,7.14,66,D(C),11.0,1061.0,3.0,0.0,1.3,3.9,46.0,85.9,
Ruben Aguilar,7.13,77,"D(R), M(R)",29.0,2531.0,1.0,2.0,3.0,1.6,42.6,83.5,
Youssouf Kone,7.13,64,D(L),19.0,1711.0,0.7,2.0,3.4,2.0,41.3,83.2,
Mathieu Debuchy,7.12,78,"D(CR), D(CR)",23.0,1948.0,4.0,2.0,1.8,2.4,34.8,73.1,
Kenny Lala,7.11,77,"D(LR), M(R)",34.0,3060.0,0.8,3.0,2.3,1.5,48.1,80.5,
Almamy Touré,7.1,76,D(CR),4.0,347.0,2.8,0.0,3.3,2.5,57.5,85.7,
Marçal,7.1,77,D(CL),12.0,883.0,2.9,1.0,2.1,2.6,62.9,87.8,
Ferland Mendy,7.09,78,"D(L), M(L)",27.0,2529.0,1.6,0.0,1.5,1.4,54.7,84.5,
Hiroki Sakai,7.09,78,"D(LR), M(R)",26.0,2373.0,3.1,1.0,2.1,2.4,43.2,81.6,
Vukasin Jovanovic,7.08,72,D(C),15.0,1378.0,2.6,2.0,1.6,6.5,50.0,85.0,
Christophe Herelle,7.07,76,D(C),33.0,2938.0,3.1,0.0,2.2,4.6,65.8,88.7,
Thomas Meunier,7.07,82,"D(R), M(R)",19.0,1615.0,1.5,1.0,2.0,1.0,37.5,84.5,
Thiago Silva,7.06,88,"D(C), D(C)",24.0,2079.0,2.0,0.0,0.6,3.7,75.0,94.2,
Nicolas Pallois,7.04,77,D(C),24.0,2160.0,2.1,1.0,3.2,4.6,43.5,77.1,
Renaud Ripart,7.03,70,"D(R), M(L), FW",34.0,3009.0,2.6,3.0,2.0,1.9,25.8,73.3,
Dani Alves,7.02,82,"D(R), M(CR)",19.0,1625.0,0.6,0.0,1.8,0.3,63.1,85.6,
Ghislain Konan,7.02,75,D(L),20.0,1800.0,1.2,0.0,2.3,2.3,34.6,77.5,
Léo Dubois,7.01,77,D(LR),21.0,2044.0,1.2,1.0,2.0,1.9,48.6,85.6,
Thilo Kehrer,6.98,77,"D(CR), M(R)",19.0,1896.0,1.9,1.0,2.4,2.3,49.5,92.7,
Pablo Martinez,6.98,73,D(CL),32.0,2818.0,2.3,2.0,1.6,3.9,49.4,84.2,
Yunis Abdelhamid,6.97,72,D(C),38.0,3420.0,3.0,3.0,1.6,4.8,42.2,82.9,
José Fonte,6.97,72,D(C),36.0,3112.0,3.3,1.0,0.8,4.2,61.4,87.4,
Frederic Guilbert,6.97,75,"D(CLR), M(R)",33.0,2917.0,2.4,2.0,2.9,3.1,31.6,74.2,
Bouna Sarr,6.96,77,"D(R), M(CLR)",25.0,2244.0,1.2,3.0,2.3,1.7,37.4,85.2,
Loic Perrin,6.96,80,"D(C), D(C)",31.0,2702.0,2.9,2.0,1.7,3.6,51.8,86.1,
"Fode Ballo0,00Toure",6.94,69,"D(L), D(L)",18.0,1595.0,1.6,0.0,2.6,1.7,33.6,79.8,
Alexander Djiku,6.94,76,D(CR),31.0,2755.0,2.9,3.0,1.5,5.8,45.3,83.0,
Charles Traoré,6.94,67,D(L),13.0,1164.0,2.2,1.0,3.1,2.7,32.2,71.8,
Kenny Tete,6.94,78,"D(R), M(R)",12.0,1050.0,1.4,1.0,2.3,2.0,48.7,84.0,
Pedro Mendes,6.93,78,D(CR),31.0,2669.0,1.3,0.0,2.3,2.1,41.0,82.1,
"Jacques0,00Alaixys Romao",6.92,74,"D(C), M(C)",36.0,3165.0,1.8,2.0,3.2,1.8,39.7,79.1,
William Saliba,6.91,63,"D(C), D(C)",13.0,1277.0,1.8,0.0,2.0,2.7,40.3,85.6,
Djegui Koita,6.91,68,Defender,1.0,173.0,0.5,0.0,4.0,4.5,29.0,70.7,
Damien Le Tallec,6.91,72,"D(C), DMC",31.0,2812.0,2.3,1.0,2.6,1.3,34.4,79.1,
Jordan Amavi,6.91,77,"D(L), M(L)",24.0,2178.0,2.6,0.0,2.6,2.8,34.5,79.5,
"Fode Ballo0,00Toure",6.9,69,"D(L), D(L)",18.0,1595.0,1.7,1.0,2.6,1.9,32.7,77.8,
Franck Tabanou,6.9,71,"D(L), M(L)",2.0,180.0,2.5,0.0,2.0,6.5,32.5,76.9,
Diego Carlos,6.9,78,D(C),35.0,3149.0,2.5,1.0,1.7,5.2,48.0,82.5,
Abdul Rahman Baba,6.9,74,"D(L), M(L)",11.0,965.0,1.9,2.0,2.4,3.0,41.3,79.7,
Serigne Modou Kara Mbodji,6.89,77,D(C),6.0,507.0,2.7,0.0,2.0,4.0,33.5,78.1,
Mehmet Zeki Çelik,6.89,71,D(R),34.0,2976.0,0.7,0.0,2.6,1.9,37.2,76.9,
Vincent Manceau,6.89,74,D(LR),31.0,2790.0,0.6,1.0,3.2,2.3,40.5,82.2,
Anthony Briancon,6.88,72,D(C),33.0,2927.0,2.3,0.0,1.4,5.4,39.4,81.2,
Issiaga Sylla,6.88,71,"D(LR), M(L)",23.0,1995.0,2.4,1.0,2.3,2.7,37.5,77.9,
Damien Da Silva,6.88,77,D(C),32.0,2874.0,2.4,1.0,1.2,4.5,42.9,87.8,
Pedro Rebocho,6.87,74,D(L),36.0,3240.0,1.3,1.0,1.7,2.0,40.4,79.7,
Ismaël Aaneba,6.87,60,Defender,3.0,206.0,0.3,0.0,4.0,2.3,28.0,64.3,
Dante,6.87,80,D(C),36.0,3227.0,2.1,1.0,1.5,4.2,66.6,91.5,
Pierrick Capelle,6.87,75,"D(L), M(CLR)",21.0,1845.0,1.2,2.0,2.0,1.7,31.0,83.9,
Ramy Bensebaini,6.86,75,"D(CL), DMC",24.0,2154.0,2.2,0.0,2.8,3.3,41.2,77.9,
Christopher Jullien,6.86,72,D(C),34.0,3016.0,4.3,2.0,1.0,5.9,43.4,83.0,
Sofiane Alakouch,6.85,68,D(R),23.0,1901.0,0.8,1.0,3.2,1.8,32.1,74.3,
Malang Sarr,6.85,75,D(CL),34.0,2995.0,1.6,0.0,1.7,2.7,59.5,89.8,
Félix Eboa Eboa,6.85,72,D(CR),27.0,2427.0,3.8,3.0,1.7,4.8,35.2,77.4,
Juan Bernat,6.84,76,"D(L), M(CL)",21.0,1838.0,0.6,0.0,1.9,1.2,41.6,90.8,
Pablo,6.84,76,D(C),25.0,1943.0,2.8,1.0,1.0,6.7,39.2,84.4,
Björn Engels,6.83,75,D(C),33.0,2970.0,3.1,0.0,0.3,5.4,39.7,83.8,
Enock Kwateng,6.83,68,"D(R), M(R)",22.0,2040.0,1.5,0.0,2.2,1.6,32.3,70.4,
Hilton,6.82,78,D(C),36.0,3233.0,2.2,1.0,0.9,5.3,41.7,82.1,
Romain Thomas,6.81,76,D(C),27.0,2395.0,2.4,3.0,1.3,4.6,43.2,85.1,
Kamil Glik,6.81,83,D(C),33.0,2970.0,3.2,2.0,1.0,6.0,49.2,83.9,
Jonathan Gradit,6.8,67,D(CR),23.0,2013.0,1.5,1.0,2.2,3.1,34.2,81.2,
Daniel Congré,6.8,75,D(CLR),37.0,3293.0,2.2,1.0,2.0,2.7,41.3,81.9,
Boubacar Kamara,6.8,72,"D(CL), DMC",27.0,2411.0,2.1,2.0,2.2,2.9,44.7,86.4,
"Jean0,00Clair Todibo",6.79,64,"D(C), D(C)",10.0,836.0,2.5,1.0,2.1,6.2,42.3,84.6,
Mexer,6.78,75,D(C),29.0,2472.0,2.1,0.0,0.8,4.3,43.7,89.0,
Hamari Traoré,6.77,74,"D(R), M(R)",33.0,2973.0,1.1,0.0,1.8,2.2,43.6,82.5,
Ambroise Oyongo,6.77,74,"D(LR), M(L)",25.0,2141.0,0.5,0.0,1.7,1.7,29.1,70.7,
Fouad Chafik,6.77,73,"D(LR), M(R)",21.0,1854.0,0.8,0.0,2.1,3.0,33.7,74.7,
Jérémy Morel,6.77,76,D(CL),12.0,1065.0,1.9,0.0,1.3,3.6,58.8,88.9,
Jordan Lefort,6.76,69,D(CL),21.0,1805.0,2.8,2.0,1.4,4.5,34.4,69.5,
Benjamin Henrichs,6.75,76,"D(LR), M(R)",21.0,1827.0,0.7,0.0,2.6,1.8,38.3,74.0,
Jason Denayer,6.75,76,"D(CR), DMC",31.0,2748.0,1.8,0.0,1.1,3.8,63.5,93.8,
Théo Pellenard,6.75,68,D(L),6.0,496.0,1.7,0.0,1.8,2.5,43.8,82.9,
Jules Koundé,6.75,73,D(C),37.0,3330.0,3.2,0.0,1.3,4.9,53.0,80.7,
Adil Rami,6.74,82,D(C),16.0,1414.0,3.8,1.0,0.9,3.1,52.7,83.4,
Lima,6.74,75,"D(L), M(L)",28.0,2495.0,1.3,1.0,1.6,1.7,39.8,73.3,
Nayef Aguerd,6.74,67,D(C),12.0,1051.0,3.2,1.0,1.3,4.2,44.3,78.0,
Valentin Rosier,6.74,74,"D(LR), M(L)",16.0,1458.0,1.0,1.0,2.4,1.8,37.0,83.8,
Adama Soumaoro,6.73,74,D(CR),20.0,1730.0,2.0,0.0,0.7,4.4,46.3,94.3,
Thomas Foket,6.73,73,"D(R), M(R)",32.0,2880.0,0.9,0.0,2.8,2.2,33.1,76.6,
Timothée Kolodziejczak,6.73,75,"D(CL), D(CL)",35.0,3184.0,1.3,0.0,0.9,3.1,50.0,82.0,
Maxime Poundjé,6.72,73,D(L),28.0,2536.0,1.4,0.0,1.6,2.2,35.9,80.1,
Hassane Kamara,6.72,64,D(L),9.0,921.0,0.6,1.0,1.8,2.1,22.6,81.2,
Adama Mbengue,6.72,69,D(L),8.0,740.0,0.5,0.0,4.4,1.5,22.7,64.4,
Luiz Gustavo,6.72,83,"D(C), M(C)",26.0,2434.0,0.5,3.0,2.4,2.0,47.9,88.8,
Wesley Lautoa,6.72,71,"D(C), DMC",34.0,3025.0,1.5,0.0,2.4,3.1,46.5,86.5,
Matt Miazga,6.71,73,D(C),8.0,720.0,5.8,0.0,1.5,4.9,53.4,81.0,
Lionel Carole,6.71,72,"D(L), M(L)",20.0,1728.0,1.2,0.0,1.1,2.0,35.5,79.7,
Abdoulaye Bamba,6.71,72,"D(LR), M(R)",29.0,2574.0,0.8,0.0,1.7,2.4,30.5,78.0,
Mateo Pavlovic,6.71,74,D(C),28.0,2491.0,2.1,0.0,0.9,5.4,31.4,86.2,
Youssouf Sabaly,6.71,77,"D(LR), M(R)",21.0,1911.0,0.8,0.0,2.0,1.5,43.2,81.6,
Sergi Palencia,6.71,70,D(R),22.0,1984.0,0.8,0.0,3.0,2.3,36.2,80.0,
Patrick Burner,6.7,69,D(R),15.0,1354.0,0.6,0.0,2.1,2.1,36.5,83.9,
Loïck Landre,6.69,70,D(C),19.0,1593.0,1.5,1.0,1.4,3.5,24.4,80.6,
Jemerson,6.69,78,"D(C), DMC",25.0,2226.0,2.7,0.0,2.2,4.7,43.1,86.9,
Lucas Deaux,6.69,75,"D(C), DMC",17.0,1197.0,1.8,1.0,2.3,0.4,28.5,70.4,
Presnel Kimpembe,6.69,83,"D(C), D(C)",23.0,2006.0,1.0,0.0,2.3,1.9,60.9,93.6,
Paul Baysse,6.69,76,D(CR),20.0,1789.0,3.1,0.0,1.3,5.6,41.0,80.0,
Nicolas Cozza,6.69,69,D(C),11.0,986.0,1.3,0.0,1.6,2.7,36.8,84.1,
Anthony Caci,6.68,66,"D(C), M(L)",26.0,2301.0,0.8,0.0,1.9,1.9,42.2,81.4,
Olivier Boscagli,6.67,71,D(CL),10.0,863.0,1.5,0.0,1.4,2.4,39.3,79.5,
Christophe Jallet,6.67,75,D(LR),11.0,886.0,0.6,0.0,2.0,2.1,39.1,84.1,
Layvin Kurzawa,6.67,79,"D(L), M(L)",11.0,1011.0,1.5,1.0,1.0,0.8,24.9,84.4,
Souleyman Doumbia,6.66,76,D(L),7.0,606.0,1.6,0.0,1.6,2.3,41.6,87.6,
Kelvin Amian,6.66,75,D(CLR),32.0,2880.0,1.5,1.0,2.1,3.2,30.3,77.8,
Rolando,6.65,75,D(C),9.0,804.0,1.9,0.0,1.8,2.5,41.6,87.3,
François Moubandje,6.65,72,D(CL),21.0,1935.0,1.8,0.0,1.7,3.1,37.5,78.6,
"Duje Caleta0,00Car",6.65,74,"D(C), D(C)",17.0,1546.0,3.3,0.0,1.1,4.2,41.1,84.5,
Faitout Maouassa,6.64,69,"D(L), M(L)",25.0,2138.0,0.7,0.0,2.0,2.4,24.9,71.2,
Antonio Barreca,6.64,75,D(L),7.0,596.0,1.6,0.0,1.6,2.4,24.0,75.0,
Cédric Yambéré,6.64,70,"D(C), DMC",30.0,2803.0,2.0,0.0,1.4,4.0,36.8,83.2,
Oussama Haddadi,6.64,71,D(CL),30.0,2678.0,0.9,1.0,1.6,2.2,38.0,76.5,
"Pierre0,00Yves Polomat",6.63,68,"D(L), M(L)",11.0,949.0,0.9,0.0,1.0,0.9,23.7,80.8,
Florian Miguel,6.63,67,D(CL),12.0,1117.0,1.6,0.0,1.5,3.4,32.1,76.7,
Tomas Hubocan,6.63,71,D(CLR),0.0,67.0,2.0,0.0,1.5,2.5,8.5,70.6,
Bafode Diakite,6.62,61,D(C),7.0,632.0,2.4,0.0,1.7,2.4,29.4,80.0,
Thomas Fontaine,6.6,69,D(C),4.0,417.0,1.4,0.0,0.9,4.0,28.9,85.6,
Fabio,6.6,71,"D(LR), M(R)",15.0,1287.0,1.1,0.0,2.7,1.2,24.0,76.3,
Gabriel Silva,6.59,73,"D(LR), M(L)",16.0,1433.0,1.6,0.0,1.0,2.7,22.6,81.1,
Djibril Sidibé,6.58,79,"D(LR), M(R)",22.0,2072.0,1.2,0.0,1.9,1.9,41.6,74.7,
Stefan Mitrovic,6.58,75,D(C),34.0,3028.0,2.0,0.0,0.7,4.2,40.9,90.5,
Edgar Ié,6.58,74,D(CR),9.0,778.0,1.3,0.0,2.2,2.1,34.7,78.5,
Anthony Walongwa,6.56,65,D(C),1.0,90.0,4.0,0.0,0.0,1.0,37.0,91.9,
Igor Lewczuk,6.55,72,D(C),3.0,448.0,2.2,0.0,2.0,4.5,32.5,86.7,
Bakaye Dibassy,6.55,73,D(CL),32.0,2941.0,1.5,0.0,1.1,2.7,36.1,77.4,
Ismael Traoré,6.55,75,D(CR),29.0,2636.0,1.0,0.0,0.9,3.8,36.4,85.5,
Emmanuel Imorou,6.54,70,D(L),12.0,1122.0,1.0,0.0,1.1,2.7,26.0,75.2,
Laurent Ciman,6.54,75,D(C),7.0,715.0,1.9,0.0,1.2,4.0,63.1,87.5,
Abdallah Ndour,6.54,69,Defender,4.0,295.0,0.8,0.0,1.5,2.0,36.3,80.0,
Rafael,6.53,79,"D(LR), M(R)",11.0,1019.0,1.0,0.0,1.7,1.2,32.7,83.2,
Paul Baysse,6.51,76,D(CR),0.0,73.0,4.0,0.0,1.0,6.0,33.0,72.7,
Herve Lybohy,6.51,68,D(C),15.0,1474.0,1.6,0.0,1.3,4.1,33.4,83.6,
Gaetan Paquiez,6.51,65,D(LR),14.0,1326.0,1.0,0.0,2.2,2.2,22.5,73.6,
Lamine Koné,6.51,73,D(C),23.0,2148.0,2.0,0.0,0.8,2.3,39.8,84.2,
Khaled Adénon,6.51,74,D(C),22.0,1996.0,2.2,0.0,1.3,4.3,42.0,86.2,
Jérémy Sorbon,6.5,73,D(C),29.0,2644.0,1.7,0.0,1.0,3.1,31.3,84.2,
Colin Dagba,6.5,64,"D(R), D(R)",9.0,914.0,0.1,0.0,1.4,0.6,33.8,93.0,
Emil Krafth,6.49,74,D(R),33.0,2973.0,1.3,0.0,1.6,2.3,30.2,73.4,
Cheick Traoré,6.48,67,D(R),16.0,1505.0,0.9,0.0,1.9,1.7,20.8,69.4,
Jérémy Pied,6.48,73,"D(LR), M(CLR)",4.0,462.0,0.7,1.0,1.1,1.1,24.9,78.1,
Christophe Kerbrat,6.47,76,D(C),25.0,2098.0,1.2,1.0,1.6,5.2,34.4,78.0,
Senou Coulibaly,6.44,64,D(C),6.0,410.0,1.1,0.0,1.4,2.0,21.2,75.4,
Benoit Badiashile Mukinayi,6.44,62,D(C),20.0,1763.0,1.8,0.0,1.3,3.9,54.5,89.5,
Mickaël Alphonse,6.44,68,D(R),6.0,567.0,1.5,0.0,0.9,2.3,20.3,64.6,
Racine Coly,6.43,71,"D(L), M(L)",6.0,503.0,1.4,0.0,0.8,1.2,27.1,81.6,
Kouadio Dabila,6.42,65,D(C),8.0,779.0,0.8,0.0,0.9,3.7,31.4,85.9,
Stéphane Mbia,6.42,74,"D(C), M(C)",5.0,447.0,2.4,0.0,0.2,5.0,37.4,89.8,
Mehdi Zeffane,6.41,69,"D(LR), M(R)",14.0,1215.0,0.9,0.0,1.0,1.7,31.1,82.6,
Younn Zahary,6.41,75,Defender,7.0,732.0,1.2,0.0,1.3,2.5,16.4,70.6,
Thomas Basila,6.4,61,Defender,1.0,91.0,0.5,0.0,1.0,4.0,13.0,84.6,
Jeremy Gelin,6.39,73,"D(C), DMC",12.0,1270.0,0.6,0.0,1.4,1.3,36.1,87.0,
Axel Disasi,6.39,63,D(C),1.0,157.0,1.0,0.0,0.5,4.0,16.5,75.8,
Yoel Armougom,6.36,59,D(L),20.0,1850.0,0.9,0.0,1.1,2.0,22.4,73.5,
Edgar Ié,6.35,74,D(CR),1.0,234.0,1.0,0.0,0.7,2.1,15.9,82.0,
Romain Métanire,6.35,72,D(R),4.0,313.0,0.4,0.0,2.4,1.8,16.2,72.8,
Oualid El Hajjam,6.35,72,D(R),6.0,542.0,1.1,0.0,1.3,1.9,19.5,72.6,
Fethi Harek,6.34,68,D(CL),2.0,178.0,1.7,0.0,1.3,2.0,20.7,69.4,
Romain Genevois,6.32,73,D(CR),5.0,358.0,0.5,0.0,1.7,2.2,22.8,83.2,
Ludovic Baal,6.32,73,"D(L), M(L)",1.0,125.0,0.0,0.0,2.0,0.5,37.0,77.0,
Ismaël Diomandé,6.31,72,"D(C), DMC",14.0,1297.0,0.8,0.0,1.6,2.0,32.9,82.5,
Milan Gajic,6.31,71,D(R),1.0,90.0,2.0,0.0,2.0,6.0,28.0,85.7,
Jordan Ikoko,6.29,73,D(LR),19.0,1707.0,0.4,0.0,1.9,1.2,28.3,73.5,
Mathieu Bodmer,6.29,70,"D(C), M(C)",10.0,1065.0,1.6,0.0,0.6,0.3,24.2,69.6,
Andrea Raggi,6.27,75,D(CLR),6.0,496.0,0.7,0.0,1.2,2.2,32.3,84.0,
Steven Fortes,6.25,69,Defender,1.0,136.0,2.3,0.0,1.0,3.0,16.7,86.0,
Julien Serrano,6.23,64,Defender,1.0,117.0,0.3,0.0,1.7,0.3,15.7,78.7,
Arnold Bouka Moutou,6.22,70,"D(L), M(L)",0.0,64.0,0.3,0.0,1.0,0.3,8.7,69.2,
Steven Moreira,6.2,72,"D(LR), M(R)",10.0,864.0,0.5,0.0,1.9,1.2,29.3,77.1,
Naldo,6.18,75,D(C),5.0,304.0,2.1,0.0,0.7,3.3,23.7,84.3,
Baissama Sankoh,6.14,67,"D(CR), M(C)",6.0,648.0,0.8,0.0,0.3,0.9,12.7,81.6,
Grégory Sertic,6.14,73,"D(C), M(C)",1.0,107.0,0.8,0.0,0.5,0.5,18.5,77.0,
Gerzino Nyamsi,6.12,60,D(C),6.0,539.0,2.6,0.0,0.8,2.0,30.8,87.0,
Koffi Djidji,6.1,74,D(CL),1.0,90.0,0.0,0.0,1.0,3.0,54.0,83.3,
Oumar Solet,5.9,63,Defender,1.0,60.0,1.0,0.0,1.0,0.0,46.0,93.5,
Rayan Ait Nouri,5.87,61,Defender,0.0,55.0,0.0,0.0,0.7,0.3,11.0,84.8,
Virgil van Dijk,7.44,86,D(C),38.0,3385.0,4.8,4.0,1.0,5.2,79.9,89.7,
"Trent Alexander0,00Arnold",7.36,78,"D(R), M(R)",27.0,2467.0,0.3,1.0,2.1,2.1,58.5,77.5,
Lucas Digne,7.36,80,D(L),33.0,2966.0,2.6,4.0,2.0,2.7,41.6,76.0,
Ricardo Pereira,7.34,81,"D(LR), M(R)",35.0,3125.0,1.9,4.0,3.4,3.0,43.8,78.0,
Fernandinho,7.31,86,"D(R), DMC",27.0,2382.0,2.6,2.0,2.0,2.4,70.7,87.5,
Fabian Schär,7.3,75,D(C),22.0,2004.0,2.7,6.0,2.5,5.7,41.4,68.1,
Benjamin Mendy,7.29,81,"D(L), DMC, M(L)",10.0,900.0,0.8,0.0,1.6,1.6,65.0,88.3,
"Aaron Wan0,00Bissaka",7.27,74,"D(R), D(R)",35.0,3135.0,1.2,3.0,3.7,3.7,33.3,73.0,
Oleksandr Zinchenko,7.19,71,"D(L), M(CR)",14.0,1153.0,1.7,0.0,2.4,1.1,84.6,91.5,
Marcos Alonso,7.18,83,"D(CL), M(L)",31.0,2761.0,2.1,2.0,2.4,2.8,60.7,85.0,
Sol Bamba,7.15,75,"D(C), DMC",28.0,2477.0,3.4,3.0,2.6,6.3,19.6,69.1,
Michael Keane,7.13,80,D(CR),33.0,2970.0,5.8,2.0,1.2,5.5,48.3,80.8,
Matt Doherty,7.12,75,"D(LR), M(R)",35.0,3147.0,3.8,2.0,1.8,2.2,36.8,71.6,
Willy Boly,7.12,77,D(C),36.0,3169.0,3.8,2.0,2.4,4.8,47.6,81.0,
Andrew Robertson,7.12,82,"D(L), M(L)",36.0,3219.0,0.7,1.0,2.2,1.3,66.6,83.2,
James Tarkowski,7.11,80,D(C),35.0,3087.0,4.8,3.0,2.0,6.7,32.4,69.5,
Joel Matip,7.11,80,D(C),17.0,1535.0,3.0,2.0,1.8,3.5,61.0,86.9,
Kieran Trippier,7.1,82,"D(R), M(R)",26.0,2278.0,1.1,1.0,2.5,2.3,57.1,78.9,
Dejan Lovren,7.08,64,D(C),11.0,986.0,4.1,1.0,1.2,3.9,63.2,86.6,
David Luiz,7.08,83,"D(C), DMC",36.0,3239.0,2.3,0.0,1.1,4.0,72.8,88.0,
Jannik Vestergaard,7.07,80,D(C),23.0,2030.0,3.7,0.0,2.3,7.4,36.7,76.9,
Ciaran Clark,7.06,76,D(CL),9.0,858.0,3.9,1.0,1.8,5.2,27.6,75.0,
Shkodran Mustafi,7.05,82,D(CR),31.0,2617.0,4.0,2.0,2.0,5.2,56.9,81.9,
Aymeric Laporte,7.05,84,D(CL),34.0,3057.0,2.2,1.0,1.2,2.7,85.6,92.3,
Ben Chilwell,7.04,78,"D(L), M(L)",36.0,3240.0,3.1,4.0,1.5,3.6,46.8,72.3,
Jan Bednarek,7.04,71,D(C),24.0,2151.0,3.2,3.0,1.6,6.7,32.8,70.5,
César Azpilicueta,7.01,86,"D(CLR), M(R)",38.0,3403.0,1.8,1.0,2.8,2.0,65.3,87.0,
Harry Maguire,7.01,82,D(C),31.0,2599.0,3.8,2.0,1.0,4.9,56.4,85.6,
Danilo,7.01,75,D(LR),9.0,806.0,1.6,1.0,1.8,1.8,69.7,87.0,
José Holebas,7,78,"D(L), M(L)",27.0,2394.0,2.2,0.0,2.4,2.9,29.8,68.5,
Fabián Balbuena,6.98,80,D(C),23.0,2014.0,3.0,1.0,1.7,7.5,36.2,79.4,
Nicolás Otamendi,6.98,85,D(C),14.0,1234.0,2.2,0.0,1.4,3.1,69.0,92.7,
Nacho Monreal,6.97,80,"D(CL), M(L)",21.0,1861.0,1.6,0.0,1.6,2.5,53.1,87.6,
Jefferson Lerma,6.97,79,"D(R), DMC",29.0,2511.0,2.5,0.0,1.5,2.8,52.0,83.2,
Steve Cook,6.96,78,D(C),31.0,2787.0,4.1,1.0,1.2,6.4,48.4,79.3,
Sean Morrison,6.96,74,D(C),34.0,3040.0,6.6,1.0,1.0,5.9,21.7,62.8,
Kyle Walker,6.96,84,"D(CR), M(R)",30.0,2777.0,1.4,0.0,1.2,1.5,72.4,90.1,
Fabinho,6.95,84,"D(R), DMC",21.0,2013.0,2.0,0.0,2.1,0.9,57.5,85.3,
"Kyle Walker0,00Peters",6.95,69,"D(R), D(R)",4.0,374.0,0.5,0.0,1.2,0.7,31.3,83.0,
Florian Lejeune,6.95,78,D(C),12.0,1055.0,2.6,0.0,2.1,3.7,46.9,76.2,
Matt Ritchie,6.95,77,"D(L), M(CLR)",35.0,2940.0,1.0,1.0,1.9,1.7,30.5,73.1,
Romain Saïss,6.93,74,"D(C), DMC",12.0,1145.0,3.2,2.0,2.1,3.1,38.8,77.1,
Vincent Kompany,6.93,85,D(C),13.0,1223.0,2.2,0.0,0.9,3.2,72.2,93.0,
Juan Foyth,6.93,72,D(CR),10.0,890.0,2.1,1.0,2.6,4.0,48.8,85.2,
Declan Rice,6.93,73,"D(C), DMC",34.0,3005.0,1.6,2.0,2.9,1.6,44.6,86.4,
Michail Antonio,6.92,76,"D(R), M(CLR), FW",22.0,2101.0,2.4,2.0,0.7,0.6,20.2,68.1,
Laurent Koscielny,6.92,82,D(C),13.0,1330.0,1.5,1.0,1.1,4.1,52.4,91.9,
Kevin Long,6.92,73,D(C),5.0,513.0,3.3,0.0,3.0,5.7,28.0,81.0,
James Milner,6.91,81,"D(LR), M(CLR)",19.0,1787.0,0.6,1.0,1.4,0.7,45.2,84.6,
Luke Shaw,6.91,80,"D(L), M(L)",29.0,2592.0,1.7,2.0,1.9,2.8,57.2,83.3,
Bernardo,6.9,75,D(LR),19.0,1751.0,2.0,0.0,2.8,3.0,35.7,72.7,
Arthur Masuaku,6.9,75,"D(L), M(L)",19.0,1758.0,0.9,1.0,2.5,2.4,38.3,83.3,
Matt Targett,6.89,70,"D(L), M(L)",13.0,1187.0,1.1,0.0,1.7,1.9,27.6,69.9,
Jan Vertonghen,6.89,87,D(CL),22.0,1915.0,2.3,1.0,1.8,3.3,69.6,87.5,
Issa Diop,6.89,77,D(C),33.0,2970.0,2.3,1.0,2.1,4.7,34.4,86.0,
Daryl Janmaat,6.88,77,"D(R), M(R)",17.0,1522.0,1.1,0.0,2.0,3.3,33.3,75.8,
Jonny Evans,6.88,79,D(CL),21.0,1995.0,3.0,0.0,1.0,6.1,42.9,84.7,
Séamus Coleman,6.88,80,"D(R), M(R)",29.0,2560.0,1.6,0.0,1.5,2.6,41.2,78.1,
Ashley Young,6.87,79,"D(LR), M(LR)",28.0,2569.0,0.8,0.0,1.7,1.9,45.9,77.5,
Wes Morgan,6.87,75,D(C),21.0,1926.0,4.2,1.0,1.2,4.7,40.5,80.8,
John Stones,6.87,83,D(CR),20.0,1763.0,2.5,0.0,0.7,2.5,73.0,94.2,
Nathan Aké,6.86,79,"D(CL), DMC",38.0,3412.0,2.3,1.0,1.7,6.1,44.6,86.0,
Ben Mee,6.86,79,D(CL),38.0,3420.0,3.9,1.0,1.4,6.1,39.5,74.9,
Serge Aurier,6.85,80,"D(CLR), M(R)",6.0,564.0,1.5,0.0,2.5,2.1,33.6,75.5,
Jonny,6.85,79,"D(CLR), M(L)",32.0,2780.0,1.2,1.0,2.4,1.6,32.6,77.8,
James Tomkins,6.85,78,D(CR),29.0,2563.0,3.1,0.0,1.2,6.2,38.3,83.0,
Maya Yoshida,6.85,75,D(CR),17.0,1520.0,2.1,0.0,0.9,5.9,32.7,75.7,
Danny Rose,6.84,81,"D(L), M(L)",20.0,1798.0,1.0,1.0,1.9,0.8,35.7,73.7,
Toby Alderweireld,6.84,86,D(CR),33.0,2924.0,1.6,0.0,1.1,4.9,69.4,88.5,
Davinson Sánchez,6.83,84,D(C),22.0,1943.0,2.9,0.0,1.6,4.4,62.6,89.9,
Callum Paterson,6.82,71,"D(R), M(CR), FW",21.0,1996.0,7.5,1.0,0.8,1.0,20.4,48.4,
Calum Chambers,6.82,74,"D(CR), DMC",29.0,2587.0,2.1,0.0,2.1,3.5,47.9,79.0,
Fabian Delph,6.82,80,"D(L), M(CL)",8.0,725.0,0.8,0.0,2.1,1.5,62.9,91.3,
Sokratis,6.82,84,D(CR),25.0,2199.0,2.2,0.0,1.7,4.3,55.5,89.4,
Phil Jones,6.81,79,"D(CR), DMC",15.0,1264.0,2.6,0.0,1.1,3.4,41.9,92.6,
Jamaal Lascelles,6.8,78,D(C),32.0,2748.0,2.9,0.0,1.0,6.6,34.5,76.7,
Chris Smalling,6.79,81,D(CR),24.0,2128.0,4.3,1.0,1.3,4.4,39.8,86.2,
Antonio Rüdiger,6.78,82,D(CR),33.0,2874.0,2.5,0.0,1.0,2.9,76.9,91.5,
Ben Gibson,6.78,74,D(CL),1.0,63.0,2.0,0.0,1.0,2.0,33.0,66.7,
Jonjoe Kenny,6.78,72,D(R),8.0,790.0,2.3,0.0,2.1,3.0,42.8,72.0,
Kurt Zouma,6.78,79,D(CR),29.0,2613.0,3.1,0.0,1.0,3.8,45.1,83.6,
Joe Bennett,6.77,72,"D(L), M(L)",30.0,2641.0,1.2,0.0,1.7,2.8,23.1,71.8,
Ryan Bennett,6.77,73,D(C),34.0,3060.0,3.6,0.0,1.7,3.6,39.6,79.6,
Simon Francis,6.77,75,D(CR),13.0,1230.0,2.8,0.0,1.5,3.9,38.5,73.3,
Wesley Hoedt,6.77,76,D(C),13.0,1170.0,2.5,0.0,2.2,5.8,47.8,78.6,
Ryan Fredericks,6.76,73,"D(R), M(R)",12.0,1086.0,1.3,1.0,2.5,2.6,29.1,70.9,
Joe Gomez,6.76,78,D(CLR),12.0,1060.0,1.5,0.0,1.1,2.4,49.2,87.5,
Charlie Taylor,6.75,74,"D(L), M(L)",35.0,3240.0,1.9,0.0,1.4,2.2,30.9,72.5,
Joel Ward,6.74,73,"D(LR), DMC, M(R)",6.0,551.0,2.6,0.0,1.7,4.4,27.1,72.6,
Pablo Zabaleta,6.74,76,"D(R), DMC, M(R)",23.0,2092.0,1.8,0.0,1.8,3.3,33.1,76.7,
Rob Holding,6.74,76,D(CR),9.0,807.0,2.1,1.0,1.1,3.7,61.4,87.5,
Angelo Ogbonna,6.74,77,D(C),20.0,1871.0,3.2,0.0,1.3,4.1,33.1,83.6,
Eric Dier,6.74,80,"D(CR), DMC",18.0,1510.0,1.8,0.0,1.3,2.1,54.2,84.9,
Scott Dann,6.74,75,D(C),7.0,661.0,2.6,0.0,0.6,4.4,26.4,72.7,
Paul Dummett,6.74,75,D(CL),21.0,1987.0,2.3,0.0,1.3,4.7,29.2,71.1,
Andreas Christensen,6.73,81,"D(C), DMC",6.0,615.0,2.3,0.0,1.3,3.4,57.3,92.8,
Lewis Dunk,6.72,78,D(C),36.0,3153.0,3.3,1.0,1.2,5.4,41.4,82.8,
Mamadou Sakho,6.72,79,D(C),27.0,2417.0,1.9,0.0,0.9,4.9,48.9,88.6,
Maxime Le Marchand,6.72,74,D(CL),25.0,2252.0,2.2,0.0,2.2,4.7,53.3,83.3,
Héctor Bellerín,6.71,80,"D(R), M(R)",18.0,1535.0,1.1,0.0,0.8,1.7,41.3,84.2,
Patrick van Aanholt,6.71,76,"D(L), M(L)",36.0,3198.0,0.3,0.0,1.3,2.3,44.7,79.8,
Martín Montoya,6.71,77,D(LR),24.0,2166.0,1.0,0.0,2.3,2.5,34.3,80.0,
Adam Smith,6.71,76,"D(LR), M(R)",25.0,2073.0,1.1,0.0,1.8,2.3,34.9,82.0,
Daniel Amartey,6.69,75,"D(R), DMC",7.0,641.0,1.6,0.0,2.0,2.8,41.2,85.2,
Ben Davies,6.69,81,"D(CL), M(L)",20.0,1839.0,1.7,1.0,2.1,2.3,40.2,82.8,
Bruno Ecuele Manga,6.69,77,D(CR),37.0,3374.0,2.3,0.0,1.8,4.5,25.2,64.9,
Luis Antonio Valencia,6.68,81,"D(R), M(R)",5.0,466.0,0.5,0.0,1.3,1.0,45.2,84.1,
Victor Lindelöf,6.68,79,D(CR),29.0,2602.0,2.3,0.0,1.3,3.9,49.7,89.2,
Aaron Cresswell,6.68,76,"D(CL), M(L)",18.0,1591.0,1.3,0.0,1.5,2.1,40.6,81.4,
Jeffrey Schlupp,6.66,73,"D(L), M(CL)",18.0,1667.0,1.8,1.0,1.4,0.7,21.0,75.9,
Adam Masina,6.66,74,"D(L), M(L)",11.0,1004.0,1.6,0.0,2.1,2.6,31.1,80.7,
Craig Cathcart,6.66,75,D(CR),35.0,3099.0,2.4,2.0,1.4,5.0,35.5,81.5,
Phil Bardsley,6.66,72,D(LR),19.0,1672.0,1.7,0.0,1.7,3.5,29.2,69.0,
Yan Valery,6.66,61,"D(R), M(R)",20.0,1715.0,1.8,0.0,1.8,2.5,17.3,61.9,
Alberto Moreno,6.65,77,"D(L), M(L)",2.0,155.0,0.0,0.0,1.5,0.0,52.5,87.6,
Joe Bryan,6.65,74,"D(L), M(CL)",27.0,2347.0,1.1,0.0,2.2,2.5,33.9,75.4,
Stephen Ward,6.65,75,D(L),3.0,230.0,1.3,0.0,1.3,4.0,37.7,74.3,
"Ainsley Maitland0,00Niles",6.64,71,"D(LR), M(CLR)",11.0,986.0,0.4,1.0,2.1,0.7,28.2,78.5,
Matthew Lowton,6.64,77,"D(LR), M(R)",19.0,1748.0,1.2,0.0,2.7,3.4,30.4,69.0,
Diogo Dalot,6.63,72,"D(LR), M(R)",12.0,1015.0,1.4,0.0,1.5,1.9,26.4,70.9,
Martin Kelly,6.63,75,D(CLR),12.0,1111.0,2.7,0.0,1.6,6.5,27.5,75.4,
Federico Fernández,6.62,76,D(C),17.0,1484.0,2.0,0.0,0.8,5.4,32.2,78.9,
Denis Odoi,6.62,69,D(CLR),29.0,2594.0,1.8,0.0,1.5,4.6,43.0,82.1,
Cyrus Christie,6.61,72,"D(R), M(R)",19.0,1945.0,2.0,0.0,1.5,2.9,31.6,76.4,
Ryan Bertrand,6.61,79,"D(CL), M(L)",24.0,2160.0,1.6,0.0,1.9,1.8,32.3,75.5,
Konstantinos Mavropanos,6.61,68,D(C),3.0,150.0,0.5,0.0,0.3,1.3,34.3,92.7,
Sead Kolasinac,6.61,79,"D(L), M(L)",22.0,1891.0,0.8,0.0,1.4,1.0,40.5,77.7,
Cheikhou Kouyaté,6.61,76,"D(CR), DMC",21.0,1897.0,2.1,0.0,1.9,1.0,24.7,80.1,
Mason Holgate,6.61,76,"D(CR), M(R)",4.0,407.0,2.8,0.0,1.0,6.2,50.6,76.7,
Adrian Mariappa,6.6,74,D(CR),20.0,1924.0,2.3,1.0,1.3,4.5,34.0,82.3,
Christian Fuchs,6.59,75,"D(CL), M(L)",2.0,206.0,1.0,0.0,1.3,2.3,39.3,83.1,
Emerson,6.59,75,"D(L), M(L)",7.0,660.0,0.5,0.0,1.4,0.8,43.6,89.9,
Javier Manquillo,6.59,74,"D(LR), M(R)",12.0,1100.0,1.1,0.0,1.5,2.7,19.6,69.9,
Christopher Schindler,6.59,78,D(C),37.0,3262.0,3.7,1.0,1.6,3.6,41.9,82.8,
Matteo Darmian,6.59,76,"D(CLR), M(LR)",5.0,444.0,0.5,0.0,2.3,3.2,29.2,85.1,
Terence Kongolo,6.58,78,D(CL),32.0,2722.0,1.7,0.0,2.3,3.0,35.9,78.0,
Danny Simpson,6.58,74,D(R),3.0,291.0,1.3,0.0,1.8,2.5,18.3,70.9,
Yerry Mina,6.57,78,D(C),10.0,893.0,2.9,0.0,1.1,3.8,38.8,84.1,
Cédric Soares,6.56,77,"D(R), M(R)",16.0,1494.0,1.3,0.0,1.2,2.8,33.1,73.1,
Kiko Femenía,6.55,76,"D(R), M(R)",22.0,2046.0,0.4,0.0,1.7,2.2,31.9,83.1,
Lee Peltier,6.54,69,"D(CLR), DMC, M(R)",17.0,1543.0,1.5,0.0,2.0,2.7,17.1,60.2,
Kenedy,6.53,76,"D(L), M(L)",14.0,1345.0,0.3,1.0,1.2,0.8,18.5,72.3,
Jack Stephens,6.52,74,D(C),19.0,1699.0,2.3,1.0,1.0,3.9,32.0,75.0,
Leon Balogun,6.5,75,D(CR),5.0,591.0,1.6,0.0,1.5,4.0,27.0,75.9,
DeAndre Yedlin,6.5,76,"D(R), M(R)",28.0,2475.0,1.0,0.0,1.9,2.4,25.2,71.6,
Bruno,6.49,77,"D(R), M(R)",14.0,1136.0,0.6,0.0,1.8,1.9,36.4,82.4,
Phil Jagielka,6.48,77,D(CR),4.0,330.0,2.0,0.0,1.0,1.9,27.4,74.5,
Conor Coady,6.45,74,"D(CR), DMC",38.0,3420.0,0.9,1.0,0.8,3.3,44.4,84.3,
Charlie Daniels,6.45,75,"D(L), M(L)",17.0,1586.0,1.4,0.0,1.2,2.0,40.0,78.7,
Nathaniel Clyne,6.43,79,"D(LR), M(R)",13.0,1146.0,0.4,0.0,2.4,1.9,32.8,75.2,
Alfie Mawson,6.43,75,D(C),13.0,1132.0,2.1,0.0,0.7,4.3,31.8,82.4,
Greg Cunningham,6.43,74,"D(CL), M(L)",7.0,630.0,0.6,0.0,2.6,1.9,25.6,73.7,
Jon Gorenc Stankovic,6.42,63,"D(C), DMC",9.0,720.0,2.0,0.0,2.4,1.7,26.7,75.5,
Ryan Sessegnon,6.42,75,"D(L), M(LR)",26.0,2298.0,0.5,0.0,0.6,1.1,19.6,73.4,
Jack Simpson,6.41,61,D(C),4.0,403.0,2.3,0.0,1.5,3.7,39.3,82.2,
Florent Hadergjonaj,6.4,74,"D(R), M(R)",19.0,1841.0,1.0,0.0,1.3,1.1,30.2,75.2,
Davide Zappacosta,6.39,79,"D(R), M(R)",1.0,125.0,0.8,0.0,0.0,1.0,18.8,80.0,
Eric Bailly,6.37,81,D(CR),8.0,639.0,1.1,0.0,1.3,3.1,25.2,87.1,
Tyrone Mings,6.37,70,D(CL),2.0,142.0,0.6,0.0,0.8,1.6,17.4,83.9,
Diego Rico,6.36,76,"D(L), M(L)",5.0,606.0,0.6,0.0,1.2,1.4,23.8,72.6,
Chris Löwe,6.35,73,"D(L), M(L)",23.0,2057.0,0.9,0.0,1.2,1.8,29.0,75.1,
Erik Durm,6.33,75,"D(LR), M(LR)",21.0,2054.0,0.8,0.0,1.3,1.3,27.7,69.0,
"Timothy Fosu0,00Mensah",6.33,74,"D(CR), D(CR)",10.0,795.0,0.6,0.0,1.5,2.1,33.8,81.5,
Çaglar Söyüncü,6.32,75,D(C),4.0,372.0,2.7,0.0,0.8,3.7,36.7,83.6,
Carl Jenkinson,6.31,69,D(R),2.0,167.0,0.3,0.0,1.0,0.7,25.0,77.3,
Gaëtan Bong,6.31,74,D(L),19.0,1805.0,1.1,0.0,0.7,2.0,27.4,74.3,
Tim Ream,6.3,73,"D(CL), DMC",25.0,2051.0,1.8,0.0,0.9,3.0,40.5,87.9,
Nathaniel Clyne,6.29,79,"D(LR), M(R)",1.0,108.0,0.3,0.0,1.0,0.3,14.8,83.1,
Håvard Nordtveit,6.29,76,"D(CR), DMC",4.0,361.0,0.8,0.0,1.8,2.8,45.0,83.1,
Leighton Baines,6.29,77,"D(L), M(L)",5.0,376.0,0.3,0.0,1.3,1.2,31.8,82.2,
Stephan Lichtsteiner,6.27,79,"D(R), M(R)",10.0,941.0,1.6,0.0,1.1,1.6,34.3,78.5,
Robbie Brady,6.25,77,"D(L), M(CLR)",6.0,718.0,0.7,0.0,0.9,0.9,13.9,62.3,
Tommy Smith,6.24,73,D(CR),13.0,1142.0,0.9,0.0,1.7,1.7,32.5,74.8,
Marc Navarro,6.15,74,D(R),1.0,85.0,0.0,0.0,2.0,1.0,11.5,82.6,
Marcos Rojo,6.15,79,D(CL),2.0,211.0,0.6,0.0,1.0,1.8,24.8,72.6,
Miguel Britos,6.12,74,D(CL),2.0,185.0,1.7,0.0,1.3,3.3,19.7,79.7,
Demeaco Duhaney,6.11,61,Defender,1.0,46.0,0.0,0.0,1.0,1.0,19.0,78.9,
Jazz Richards,6.04,69,"D(LR), M(R)",0.0,129.0,0.0,0.0,0.0,1.3,6.5,69.2,
Carlos Sánchez,6.01,77,"D(C), M(C)",2.0,240.0,0.1,0.0,0.6,0.7,20.4,88.8,
Armando Izzo,7.24,76,D(C),37.0,3274.0,3.2,6.0,2.1,3.8,49.5,77.8,
João Cancelo,7.2,82,"D(LR), M(R)",22.0,1967.0,0.9,2.0,1.7,1.3,50.3,86.2,
Cristian Ansaldi,7.19,78,"D(CLR), DMC, M(LR)",23.0,1816.0,0.2,2.0,2.1,0.9,24.2,73.3,
Domenico Criscito,7.15,80,"D(CL), M(L)",35.0,3071.0,1.3,3.0,3.1,3.7,41.4,75.7,
Alex Sandro,7.15,86,"D(L), M(L)",28.0,2392.0,1.8,3.0,2.2,1.9,51.0,84.6,
Medhi Benatia,7.13,86,D(C),5.0,450.0,3.0,0.0,1.4,3.4,63.4,90.5,
Aleksandar Kolarov,7.12,82,"D(CL), M(L)",32.0,2906.0,1.2,5.0,1.2,2.1,48.7,80.6,
Robin Gosens,7.11,72,"D(L), M(CL)",23.0,1947.0,1.5,2.0,2.3,1.7,34.9,78.9,
Merih Demiral,7.11,60,D(C),14.0,1260.0,3.9,1.0,1.7,5.6,50.4,87.0,
Lucas Leiva,7.11,83,"D(C), M(C)",22.0,1988.0,1.6,2.0,3.4,1.4,51.0,87.9,
Kevin Malcuit,7.11,76,"D(R), M(R)",20.0,1806.0,0.8,1.0,1.8,2.3,41.2,85.9,
Sime Vrsaljko,7.08,81,"D(LR), M(R)",8.0,726.0,1.2,0.0,2.0,2.1,49.6,85.9,
Federico Fazio,7.07,82,D(C),31.0,2805.0,3.4,2.0,0.8,4.9,41.4,85.1,
Germán Pezzella,7.06,71,D(C),32.0,2852.0,3.8,1.0,1.8,4.8,50.9,85.9,
Kalidou Koulibaly,7.06,87,D(C),35.0,3134.0,2.2,2.0,1.7,3.9,71.9,88.7,
Lyanco,7.03,71,D(C),13.0,1122.0,2.2,0.0,2.2,4.3,40.7,80.3,
Dalbert,6.99,76,"D(L), M(L)",9.0,778.0,2.2,1.0,3.0,1.2,37.5,79.9,
Giorgio Chiellini,6.98,89,D(C),22.0,1990.0,2.1,0.0,1.0,3.7,53.4,84.9,
Emre Can,6.98,80,"D(CLR), DMC",20.0,1807.0,1.3,1.0,2.2,1.0,34.7,87.1,
Iván Marcano,6.96,82,D(CL),9.0,811.0,2.8,0.0,0.8,4.1,52.1,87.1,
Francesco Acerbi,6.95,83,D(C),37.0,3310.0,2.6,2.0,1.1,4.4,48.0,87.0,
Timothy Castagne,6.95,71,"D(R), M(LR)",21.0,2003.0,0.9,2.0,2.2,1.6,36.3,83.7,
Nikola Milenkovic,6.94,74,D(CR),34.0,3010.0,3.2,2.0,1.7,4.0,48.5,79.9,
Nicolas Nkoulou,6.94,80,D(C),36.0,3215.0,2.3,2.0,1.3,4.7,39.2,89.8,
Kwadwo Asamoah,6.93,79,"D(L), M(CL)",30.0,2672.0,0.7,2.0,1.4,1.2,60.5,89.0,
Samir,6.93,73,D(CL),21.0,1800.0,2.9,0.0,2.2,3.9,33.9,81.6,
Nicola Murru,6.93,72,D(L),34.0,2937.0,1.2,1.0,2.4,2.1,46.1,78.4,
Cristiano Biraghi,6.92,76,"D(L), M(L)",36.0,3196.0,1.1,1.0,1.4,2.5,37.3,75.9,
Hans Hateboer,6.91,75,"D(R), M(R)",33.0,2973.0,1.9,1.0,1.3,1.1,45.1,84.5,
Cédric Soares,6.9,77,"D(R), M(R)",3.0,259.0,1.0,0.0,2.0,0.5,39.0,80.1,
Faouzi Ghoulam,6.9,81,D(L),12.0,1153.0,2.0,0.0,0.6,0.8,49.6,89.3,
Milan Skriniar,6.89,85,D(C),35.0,3150.0,2.0,0.0,1.8,3.8,68.6,92.6,
Danilo DAmbrosio,6.89,75,"D(CLR), M(LR)",29.0,2581.0,0.9,2.0,2.3,1.0,54.5,84.6,
Alessandro Florenzi,6.89,82,"D(R), M(CLR)",24.0,2185.0,0.6,0.0,1.3,1.8,39.5,78.2,
Kostas Manolas,6.89,85,D(C),27.0,2328.0,2.5,0.0,1.2,4.3,38.4,87.9,
Mattia De Sciglio,6.89,78,"D(LR), M(LR)",19.0,1742.0,1.4,0.0,1.8,2.0,45.9,82.8,
Ola Aina,6.88,71,"D(LR), M(LR)",22.0,2160.0,1.4,2.0,1.8,1.2,29.2,78.2,
Koffi Djidji,6.87,74,D(CL),16.0,1388.0,1.4,1.0,2.2,3.6,34.8,82.9,
Nikola Maksimovic,6.87,78,"D(CR), M(R)",15.0,1375.0,1.6,0.0,1.2,3.1,50.4,92.9,
Vitor Hugo,6.87,76,D(C),27.0,2469.0,2.5,1.0,2.1,4.5,43.2,87.0,
Ali Adnan,6.87,72,"D(L), M(L)",2.0,166.0,2.0,0.0,0.3,2.0,28.3,70.6,
Gianluca Mancini,6.86,71,D(C),25.0,2252.0,2.4,0.0,1.4,2.3,44.0,82.8,
Riccardo Gagliolo,6.86,70,D(CL),34.0,3046.0,1.3,1.0,2.0,5.7,35.3,76.1,
Alessio Romagnoli,6.86,82,D(CL),32.0,2849.0,2.3,1.0,1.1,5.2,55.2,91.2,
Juan Cuadrado,6.85,84,"D(R), M(CLR), FW",14.0,1224.0,0.5,2.0,1.1,0.6,41.2,88.1,
Berat Djimsiti,6.85,67,D(C),20.0,1805.0,2.1,0.0,1.3,3.9,43.1,90.8,
Lorenzo Tonelli,6.85,77,D(C),17.0,1653.0,2.2,1.0,1.6,4.7,62.4,88.7,
Stefan de Vrij,6.85,84,D(C),28.0,2520.0,1.9,0.0,0.9,3.4,59.6,91.6,
Ricardo Rodríguez,6.84,80,"D(CL), M(L)",35.0,3052.0,1.2,0.0,1.6,2.1,52.4,87.1,
José Luis Palomino,6.84,76,D(C),25.0,2262.0,2.0,0.0,1.6,2.5,43.3,88.3,
Rômulo,6.84,76,"D(R), M(CR)",9.0,778.0,0.5,0.0,1.0,0.7,32.2,88.2,
Joachim Andersen,6.84,74,D(C),32.0,2880.0,2.3,0.0,1.3,4.5,63.4,88.8,
Davide Calabria,6.84,78,"D(LR), M(R)",22.0,1954.0,0.5,0.0,3.0,2.2,47.4,83.1,
Daniele Rugani,6.84,82,D(C),15.0,1350.0,2.7,0.0,0.5,3.4,51.5,90.0,
Thiago Cionek,6.83,72,D(CR),29.0,2548.0,2.0,1.0,2.5,4.2,47.6,80.9,
Fabrizio Cacciatore,6.82,73,D(LR),7.0,584.0,0.6,0.0,1.3,2.1,44.3,80.6,
Danilo,6.82,75,D(C),35.0,3081.0,2.9,0.0,1.1,5.1,41.9,77.2,
Luiz Felipe,6.81,74,D(C),15.0,1292.0,1.4,1.0,1.6,3.2,40.0,84.3,
Cristian Romero,6.81,64,D(C),27.0,2339.0,2.3,1.0,2.3,4.4,30.1,81.0,
Raúl Albiol,6.81,84,D(C),19.0,1712.0,2.4,0.0,0.8,4.5,56.4,89.4,
Rafael Tolói,6.81,78,D(C),20.0,1748.0,1.3,0.0,1.3,2.6,56.1,85.1,
Mohamed Fares,6.81,69,"D(L), M(L)",32.0,2947.0,1.2,3.0,1.8,1.7,32.1,78.4,
Leonardo Bonucci,6.8,86,D(C),27.0,2471.0,1.7,0.0,0.6,2.8,55.7,86.6,
Daniele De Rossi,6.8,83,"D(C), M(C)",15.0,1273.0,0.5,0.0,0.9,1.8,51.4,87.5,
Pol Lirola,6.78,74,"D(R), M(R)",32.0,2976.0,0.5,0.0,1.0,2.3,39.5,78.8,
Kevin Bonifazi,6.78,71,D(C),26.0,2303.0,1.6,2.0,1.5,2.6,44.7,87.6,
Mattia Bani,6.76,67,D(C),29.0,2612.0,3.1,2.0,2.2,5.4,41.2,81.0,
Giovanni Di Lorenzo,6.75,72,"D(R), M(R)",37.0,3330.0,1.0,2.0,1.8,1.8,48.0,80.1,
Rômulo,6.74,76,"D(R), M(CR)",17.0,1358.0,0.2,0.0,1.5,0.9,30.1,79.3,
Omar Colley,6.74,76,D(C),21.0,1765.0,2.4,0.0,0.9,4.9,52.6,88.0,
Federico Peluso,6.74,72,"D(CL), M(L)",14.0,1356.0,1.9,1.0,1.4,4.0,50.6,84.7,
Marvin Zeegelaar,6.73,75,"D(L), M(L)",10.0,955.0,1.4,0.0,2.5,2.7,24.3,86.3,
Mateo Musacchio,6.73,80,D(C),29.0,2610.0,1.0,0.0,1.4,3.8,60.0,90.0,
Francesco Vicari,6.72,73,D(C),26.0,2339.0,1.8,1.0,1.0,4.9,36.1,88.3,
Darijo Srna,6.72,80,D(R),24.0,2090.0,1.3,0.0,0.9,2.0,47.0,81.2,
Elseid Hysaj,6.72,81,D(LR),24.0,2109.0,1.1,0.0,1.5,1.6,57.8,86.0,
Gian Marco Ferrari,6.72,75,D(C),31.0,2790.0,2.0,1.0,1.3,2.9,60.6,86.7,
Bruno Alves,6.72,71,D(C),33.0,2924.0,3.2,2.0,0.5,6.3,36.8,78.9,
Federico Dimarco,6.72,64,D(L),10.0,894.0,0.4,0.0,1.7,1.3,24.8,76.5,
Stefan Radu,6.72,80,D(CL),28.0,2254.0,1.3,0.0,1.5,2.8,44.2,85.6,
Ibrahima Mbaye,6.72,73,"D(LR), M(LR)",22.0,2009.0,1.6,0.0,2.1,2.4,32.4,78.5,
Davide Biraschi,6.7,71,D(CR),32.0,2844.0,1.8,3.0,1.7,2.9,32.4,68.2,
Lorenzo De Silvestri,6.7,75,"D(R), M(R)",30.0,2427.0,2.4,0.0,0.5,2.0,26.8,68.0,
Bartosz Bereszynski,6.69,74,D(R),24.0,2199.0,0.6,0.0,1.7,1.7,48.8,83.9,
Mário Rui,6.69,79,D(L),17.0,1419.0,0.2,1.0,1.2,1.5,54.2,84.5,
"William Troost0,00Ekong",6.68,73,"D(C), D(C)",35.0,3067.0,2.9,0.0,0.9,5.5,32.3,81.5,
Jacopo Sala,6.67,72,"D(R), M(CR)",16.0,1517.0,0.5,0.0,1.9,1.7,47.3,85.3,
Alex Ferrari,6.67,70,D(CR),6.0,540.0,2.2,1.0,1.7,4.2,52.2,88.2,
Sebastien De Maio,6.67,77,D(C),13.0,1174.0,2.4,0.0,0.7,5.6,25.4,77.4,
Bram Nuytinck,6.67,74,D(C),24.0,2128.0,1.4,1.0,1.9,4.4,32.6,81.7,
Federico Ceccherini,6.66,72,D(C),11.0,994.0,2.1,0.0,0.9,2.5,38.5,85.6,
Bartosz Salamon,6.65,71,D(C),19.0,1724.0,2.3,1.0,0.9,7.1,38.6,82.1,
Francisco Sierralta,6.65,63,Defender,2.0,266.0,2.7,1.0,1.8,4.3,15.0,67.8,
Júnior Tavares,6.65,65,"D(L), M(L)",2.0,184.0,0.7,0.0,0.7,0.3,60.7,92.9,
Arturo Calabresi,6.64,71,D(CR),16.0,1414.0,0.9,0.0,2.5,3.3,33.7,79.9,
Marlon Santos,6.64,73,D(C),18.0,1511.0,1.2,1.0,1.6,2.0,57.7,93.6,
Luca Ceppitelli,6.63,72,D(C),24.0,2054.0,2.5,0.0,1.7,4.5,50.2,82.9,
Emiliano Moretti,6.63,75,D(CL),22.0,2010.0,1.6,0.0,1.3,2.4,44.0,85.6,
Lorenzo Ariaudo,6.62,72,D(C),19.0,1684.0,2.7,0.0,1.1,5.4,33.4,83.0,
Edoardo Goldaniga,6.62,74,D(C),29.0,2610.0,2.3,1.0,1.5,3.9,34.4,75.3,
Ignazio Abate,6.62,77,"D(R), M(R)",15.0,1306.0,0.7,0.0,1.8,2.2,42.4,83.7,
Nicolò Brighenti,6.61,71,D(C),11.0,990.0,1.6,1.0,2.5,3.2,47.2,77.8,
Rogerio,6.61,79,"D(L), M(L)",29.0,2670.0,0.8,1.0,1.7,2.6,40.6,82.5,
Paolo Faragò,6.61,71,"D(R), DMC, M(R)",17.0,1697.0,1.9,0.0,1.7,1.3,28.2,76.5,
Charalampos Lykogiannis,6.61,66,"D(L), M(L)",9.0,829.0,1.2,0.0,1.3,2.3,26.6,68.3,
Wallace,6.61,77,D(C),14.0,1234.0,1.7,0.0,1.1,3.3,45.1,84.7,
Alex Berenguer,6.6,76,"D(LR), M(CL)",15.0,1479.0,0.5,0.0,1.0,0.3,19.3,77.1,
Andrea Masiello,6.6,79,D(CR),22.0,1842.0,1.4,1.0,1.2,1.9,52.3,87.6,
Jacob Rasmussen,6.6,67,"D(C), DMC",10.0,1017.0,2.6,0.0,1.3,3.6,45.6,88.3,
Hidde ter Avest,6.6,69,"D(R), M(R)",12.0,981.0,0.7,0.0,2.0,1.7,29.3,73.2,
Giancarlo González,6.59,77,D(C),8.0,742.0,2.5,0.0,1.1,3.4,27.4,76.6,
Felipe,6.59,75,D(CL),27.0,2364.0,1.7,0.0,1.2,2.8,41.0,86.7,
Marco Capuano,6.58,71,D(CL),27.0,2313.0,2.3,1.0,2.0,3.7,43.1,83.6,
Matías Silvestre,6.58,75,D(C),34.0,3060.0,2.7,0.0,0.9,4.7,44.0,84.4,
Davide Santon,6.57,76,D(LR),11.0,1005.0,0.5,0.0,0.8,0.9,33.0,87.3,
Mitchell Dijks,6.57,71,"D(L), M(L)",23.0,2027.0,1.8,0.0,1.2,1.6,27.2,76.2,
Luca Rossettini,6.57,76,D(CR),20.0,1822.0,1.9,0.0,1.2,5.4,38.2,85.2,
Luka Krajnc,6.57,71,D(C),9.0,790.0,2.8,0.0,1.1,4.6,41.4,81.2,
Andrea Conti,6.56,75,"D(R), M(R)",4.0,495.0,0.8,0.0,0.8,0.8,24.2,83.4,
Filip Helander,6.56,75,D(C),19.0,1712.0,2.6,0.0,2.1,3.7,37.9,79.5,
Simone Iacoponi,6.56,68,D(CR),38.0,3350.0,1.5,0.0,1.6,3.6,30.1,72.8,
Vlad Chiriches,6.56,78,D(CR),3.0,149.0,1.3,0.0,0.7,0.3,43.7,93.9,
Fabio Pisacane,6.55,72,D(CLR),24.0,2266.0,1.8,0.0,1.2,3.9,42.0,83.9,
Ervin Zukanovic,6.55,75,D(CL),22.0,1960.0,2.1,0.0,1.1,3.7,39.6,85.0,
Miranda,6.55,85,D(C),14.0,1161.0,1.6,0.0,0.8,3.2,58.8,89.6,
Koray Günter,6.54,70,D(C),8.0,833.0,1.9,0.0,1.3,2.4,25.1,83.5,
Jens Stryger Larsen,6.54,73,"D(CLR), M(R)",36.0,3236.0,0.8,0.0,1.2,2.3,39.4,79.6,
Alessandro Bastoni,6.54,67,D(C),18.0,1686.0,1.6,2.0,1.0,3.7,26.1,81.5,
Juan Jesus,6.53,77,D(CL),15.0,1400.0,1.2,0.0,1.9,1.9,41.1,92.0,
Filippo Romagna,6.52,72,D(C),16.0,1473.0,1.9,0.0,0.8,3.7,37.5,88.4,
Vincent Laurini,6.52,74,D(R),10.0,921.0,1.4,0.0,0.9,1.8,29.7,79.8,
Pawel Jaroszynski,6.52,65,"D(L), M(L)",15.0,1350.0,1.2,0.0,1.5,1.9,33.1,72.0,
Federico Barba,6.52,73,D(CL),29.0,2489.0,1.8,0.0,1.0,4.0,37.3,80.6,
Arkadiusz Reca,6.52,63,Defender,0.0,45.0,0.3,0.0,0.7,0.0,8.7,76.9,
Ragnar Klavan,6.52,77,D(C),15.0,1233.0,2.4,0.0,0.6,4.5,41.7,80.6,
Bostjan Cesar,6.52,73,D(C),11.0,1077.0,2.2,0.0,1.2,4.2,28.7,84.1,
Sebastien De Maio,6.52,77,D(C),6.0,493.0,1.5,0.0,0.8,5.0,37.8,83.3,
Johan Djourou,6.51,73,D(C),3.0,279.0,1.6,0.0,0.6,3.8,22.6,90.3,
Luca Pellegrini,6.51,78,D(L),11.0,941.0,0.8,0.0,2.3,1.5,28.8,67.8,
Giangiacomo Magnani,6.5,66,D(C),17.0,1515.0,1.5,0.0,0.6,5.2,47.4,86.3,
Cristian Molinaro,6.5,72,"D(L), M(L)",13.0,1161.0,1.4,0.0,1.1,2.6,31.3,70.5,
Sebastiano Luperto,6.49,70,D(C),6.0,725.0,1.7,0.0,0.7,2.4,37.6,90.2,
Bastos,6.49,78,D(C),11.0,1137.0,1.0,0.0,1.2,2.3,30.6,86.0,
Fabrizio Cacciatore,6.49,73,D(LR),5.0,497.0,1.4,0.0,1.1,2.0,29.0,77.8,
Molla Wagué,6.49,73,D(C),1.0,94.0,1.5,0.0,0.5,2.5,24.5,87.8,
Leonardo Spinazzola,6.49,77,"D(L), M(L)",6.0,598.0,1.1,0.0,0.9,0.4,30.0,83.0,
Fabio Depaoli,6.48,66,"D(R), DMC, M(R)",27.0,2468.0,1.0,0.0,2.2,2.1,26.0,73.2,
Bremer,6.47,71,D(C),2.0,182.0,1.8,0.0,0.6,1.6,20.8,84.6,
Luca Antonelli,6.46,76,"D(L), M(CL)",10.0,761.0,0.8,0.0,1.0,1.7,24.8,71.5,
Claud Adjapong,6.45,71,"D(R), M(LR)",3.0,271.0,0.4,0.0,0.8,0.8,14.2,74.6,
Patric,6.45,72,"D(CR), M(R)",12.0,1085.0,0.8,0.0,1.3,1.5,43.3,83.2,
Domenico Maietta,6.44,72,D(C),21.0,1719.0,1.5,0.0,1.6,3.6,45.8,84.9,
Rick Karsdorp,6.44,75,D(R),7.0,595.0,0.4,0.0,0.8,1.0,28.7,79.1,
Ezequiel Schelotto,6.43,73,"D(R), M(LR)",2.0,143.0,1.3,0.0,0.8,1.8,18.0,65.3,
Simone Padoin,6.41,71,"D(LR), M(CLR)",22.0,1914.0,0.5,0.0,1.1,1.6,27.3,82.1,
Nicholas Opoku,6.41,66,D(C),9.0,910.0,1.5,0.0,1.3,2.4,31.5,86.0,
Bryan Dabo,6.4,74,"D(R), M(CR)",6.0,822.0,1.2,0.0,0.4,0.8,17.0,80.3,
Pedro Pereira,6.36,69,"D(R), M(R)",15.0,1379.0,0.7,0.0,0.8,1.8,18.2,75.5,
Manuel Pasqual,6.36,74,"D(L), M(L)",13.0,1339.0,0.2,0.0,1.2,1.1,34.0,73.1,
Diego Laxalt,6.35,78,"D(L), M(CL)",6.0,640.0,0.3,0.0,1.3,0.6,16.0,77.8,
Nenad Tomovic,6.34,75,D(CLR),9.0,738.0,1.7,0.0,0.9,3.0,32.4,82.4,
Marcello Gazzola,6.32,73,"D(R), M(R)",9.0,915.0,1.2,0.0,0.5,1.2,14.3,64.9,
Lyanco,6.32,71,D(C),1.0,90.0,0.5,0.0,0.5,2.5,12.5,80.0,
Nicolas Frey,6.31,69,D(CLR),3.0,227.0,0.6,0.0,0.6,3.4,20.0,78.0,
Giuseppe Pezzella,6.31,71,"D(L), M(L)",2.0,184.0,0.0,0.0,1.3,1.5,11.8,63.8,
Lorenco Simic,6.31,67,D(C),2.0,234.0,1.4,0.0,0.8,2.1,18.5,81.8,
Andrea Barzagli,6.3,67,D(CR),4.0,261.0,1.1,0.0,0.1,1.4,27.7,90.7,
Martín Cáceres,6.3,78,"D(CLR), M(R)",7.0,627.0,1.6,0.0,0.8,1.3,50.3,92.5,
Nicolás Spolli,6.29,75,D(C),7.0,540.0,1.3,0.0,1.0,5.6,25.6,87.7,
Frederic Veseli,6.29,70,D(CLR),28.0,2537.0,0.4,0.0,1.1,2.9,38.7,86.4,
Francesco Zampano,6.28,70,"D(R), M(R)",24.0,2104.0,0.6,0.0,1.3,1.3,25.2,73.7,
Luca Pellegrini,6.26,78,D(L),2.0,163.0,0.8,0.0,0.3,0.3,26.5,81.1,
Marco Andreolli,6.23,74,D(C),7.0,646.0,2.9,0.0,1.3,4.1,31.1,77.9,
Jordan Lukaku,6.22,77,"D(L), M(L)",1.0,170.0,0.3,0.0,0.6,0.1,12.3,82.6,
Massimo Gobbi,6.2,71,"D(L), M(L)",13.0,1184.0,0.5,0.0,0.9,2.5,28.7,75.2,
Joel Untersee,6.19,65,Defender,1.0,125.0,0.0,0.0,1.0,1.7,17.0,82.4,
Andrea Ranocchia,6.18,76,D(C),0.0,61.0,1.5,0.0,0.5,0.8,7.5,53.3,
Vasco Regini,6.18,72,D(CL),1.0,81.0,0.8,0.0,0.3,1.0,10.5,73.8,
Riza Durmisi,6.17,76,"D(L), M(L)",2.0,319.0,0.1,0.0,0.4,0.6,12.5,77.6,
Daniele Dessena,6.13,70,"D(R), M(C)",3.0,348.0,0.8,0.0,0.2,0.3,15.7,75.7,
Lorenzo Dickmann,6.12,69,Defender,2.0,174.0,0.5,0.0,0.8,0.5,7.7,71.7,
Marco Andreolli,6.07,74,D(C),1.0,104.0,2.0,0.0,0.3,1.7,24.0,90.3,
Ben Wilmot,6.07,59,Defender,2.0,198.0,0.2,0.0,0.0,2.2,20.8,79.8,
Martín Cáceres,5.99,78,"D(CLR), M(R)",3.0,306.0,0.8,0.0,1.0,2.3,35.5,88.0,
Nehuén Paz,5.98,70,D(CL),1.0,113.0,0.0,0.0,1.0,1.0,23.0,73.9,
Mauricio Lemos,5.91,75,D(C),3.0,182.0,0.7,0.0,0.7,3.0,21.0,92.1,
Giuseppe Pezzella,5.83,71,"D(L), M(L)",1.0,110.0,0.0,0.0,0.4,0.6,6.8,76.5,
manipulation,string,string,string,0.0,0.0,0.0,0.0,0.0,0.0,0.0,0.0,
,,,,,,,,,,,,
,,,,,,,,,,,,
,,,,,,0.0186813186813187,0.669230769230769,0.00989010989010989,0.010989010989011,0.0,0.0,0.3
,,,,,,17.0,609.0,9.0,10.0,0.0,0.0,
